id,revenue
3001,4299866.666666667
3002,1492121.0
3003,6177392.333333333
3004,40354571.666666664
3005,10249359.0
3006,7076409.333333333
3007,7927756.0
3008,91487982.0
3009,29692129.333333332
3010,407470494.6666667
3011,670970.3333333334
3012,2183660.3333333335
3013,39013929.333333336
3014,756501.0
3015,13251400.333333334
3016,1875563.6666666667
3017,61814504.0
3018,138047315.66666666
3019,14678899.666666666
3020,660128795.0
3021,89606103.66666667
3022,44784732.333333336
3023,8789067.0
3024,34603764.666666664
3025,4125660.6666666665
3026,190608243.66666666
3027,9620088.666666666
3028,119858962.66666667
3029,993268.6666666666
3030,62926477.0
3031,5076702.333333333
3032,9700000.0
3033,16357363.333333334
3034,1332440.3333333333
3035,20716387.666666668
3036,16139947.666666666
3037,49714256.333333336
3038,48087713.0
3039,35319300.666666664
3040,4448696.333333333
3041,55548899.333333336
3042,3172238.3333333335
3043,23357368.666666668
3044,3162580.3333333335
3045,353202238.0
3046,2105625.0
3047,6177392.333333333
3048,29125784.0
3049,7860477.0
3050,21101595.666666668
3051,9559494.333333334
3052,21584737.0
3053,221169.66666666666
3054,7579357.666666667
3055,213564940.66666666
3056,870375.6666666666
3057,55591584.0
3058,660443053.3333334
3059,6933341.666666667
3060,213276193.66666666
3061,80836888.33333333
3062,40530127.0
3063,38062382.0
3064,108500038.66666667
3065,27517809.333333332
3066,39075152.666666664
3067,895400.3333333334
3068,62367152.0
3069,353202238.0
3070,1817344.0
3071,14954814.0
3072,330428045.0
3073,2624362.0
3074,76384.33333333333
3075,26870719.666666668
3076,74883526.66666667
3077,29016661.666666668
3078,85262113.0
3079,65709725.666666664
3080,174966678.66666666
3081,14354771.0
3082,13301606.666666666
3083,45770352.666666664
3084,15908744.666666666
3085,15708225.666666666
3086,102053021.0
3087,1456407.0
3088,3172072.0
3089,868200.6666666666
3090,62565944.333333336
3091,72565160.0
3092,13196619.333333334
3093,313433267.0
3094,114545732.0
3095,55839632.333333336
3096,2078541.3333333333
3097,387658096.3333333
3098,12717822.0
3099,231231201.0
3100,1616597.3333333333
3101,42964387.333333336
3102,39475622.666666664
3103,51364059.666666664
3104,15908744.666666666
3105,175129167.0
3106,52956144.666666664
3107,62223613.333333336
3108,2890317.0
3109,28562468.333333332
3110,261117456.0
3111,1856098.6666666667
3112,1382821.0
3113,12614763.0
3114,7647112.666666667
3115,46813117.333333336
3116,9605167.333333334
3117,8978162.333333334
3118,13196619.333333334
3119,374893780.0
3120,214348112.66666666
3121,50416722.0
3122,2535921.3333333335
3123,2071298.6666666667
3124,1929471.6666666667
3125,5151636.0
3126,104796157.66666667
3127,11520646.0
3128,108193256.0
3129,127498736.0
3130,49155882.0
3131,575373.0
3132,22011333.333333332
3133,6097938.666666667
3134,29047433.666666668
3135,3172238.3333333335
3136,23348133.333333332
3137,381289653.3333333
3138,5079895.333333333
3139,16060312.0
3140,57495482.0
3141,51700894.333333336
3142,10126901.0
3143,195151397.33333334
3144,2152572.3333333335
3145,16461207.666666666
3146,15668839.666666666
3147,35073130.333333336
3148,9813333.666666666
3149,48037123.0
3150,87776657.0
3151,10683951.0
3152,39294293.333333336
3153,4164157.6666666665
3154,28436193.333333332
3155,109467599.66666667
3156,16951573.333333332
3157,43672021.666666664
3158,91829258.33333333
3159,8316803.666666667
3160,73388161.0
3161,1910571.6666666667
3162,1986288.3333333333
3163,152518040.66666666
3164,77776058.66666667
3165,5857750.0
3166,3757942.3333333335
3167,156683939.66666666
3168,2158449.6666666665
3169,21101595.666666668
3170,15683000.0
3171,44537184.666666664
3172,18170024.666666668
3173,2781846.0
3174,8217312.0
3175,5094658.333333333
3176,42444394.333333336
3177,46986890.666666664
3178,2791561.0
3179,9506678.333333334
3180,1621187.0
3181,202778.66666666666
3182,102060394.33333333
3183,20916091.333333332
3184,39826303.666666664
3185,79204224.33333333
3186,41631533.666666664
3187,19902917.666666668
3188,17257018.666666668
3189,150298365.33333334
3190,32490837.666666668
3191,27277777.666666668
3192,674583.0
3193,677061256.3333334
3194,45038096.0
3195,993268.6666666666
3196,26741534.666666668
3197,40090480.0
3198,220981960.66666666
3199,179651276.0
3200,23035776.0
3201,5368520.666666667
3202,26727126.666666668
3203,44951.0
3204,3453083.3333333335
3205,2108463.3333333335
3206,31619888.666666668
3207,38720144.666666664
3208,30548026.666666668
3209,6880283.333333333
3210,353202238.0
3211,477262.0
3212,14193852.0
3213,80212778.33333333
3214,6267273.333333333
3215,6728288.0
3216,61429578.0
3217,242510269.0
3218,12453889.666666666
3219,2180262.6666666665
3220,148665988.33333334
3221,7480988.333333333
3222,1003738.3333333334
3223,46459169.333333336
3224,1641330.0
3225,3978432.0
3226,14043342.0
3227,93435861.33333333
3228,379670174.0
3229,105142515.33333333
3230,11647955.0
3231,49165538.666666664
3232,49792364.333333336
3233,18008070.666666668
3234,3786824.6666666665
3235,83913183.33333333
3236,479603.3333333333
3237,34052796.666666664
3238,34720600.0
3239,4456020.333333333
3240,182509067.66666666
3241,1341466.6666666667
3242,10784291.666666666
3243,2115626.0
3244,4139907.6666666665
3245,7257922.666666667
3246,22989266.333333332
3247,50250794.0
3248,98660799.0
3249,78476369.33333333
3250,214751083.0
3251,16461207.666666666
3252,31849649.0
3253,26870719.666666668
3254,4448675.0
3255,76384.33333333333
3256,50771235.0
3257,7678757.333333333
3258,8839952.666666666
3259,65608212.333333336
3260,12350515.0
3261,253829669.33333334
3262,82066473.33333333
3263,3105893.3333333335
3264,1841330.0
3265,76384.33333333333
3266,1533146.3333333333
3267,12114771.0
3268,139604.66666666666
3269,10783106.666666666
3270,73054520.33333333
3271,21162397.333333332
3272,14840133.0
3273,10144324.0
3274,179651276.0
3275,60450142.333333336
3276,1641330.0
3277,11966666.666666666
3278,146760711.0
3279,57910090.0
3280,175380935.66666666
3281,2322872.3333333335
3282,75755637.33333333
3283,565477035.0
3284,60700000.0
3285,66527682.0
3286,9521067.333333334
3287,1159966.0
3288,18047039.666666668
3289,14779185.666666666
3290,45655898.666666664
3291,38283677.333333336
3292,202929139.0
3293,123023302.0
3294,9868594.333333334
3295,29532214.666666668
3296,14704719.666666666
3297,8408370.0
3298,26074415.666666668
3299,10330652.666666666
3300,35584360.333333336
3301,134879.33333333334
3302,32300000.0
3303,3989430.6666666665
3304,7939070.666666667
3305,112996590.33333333
3306,353126.6666666667
3307,43733756.666666664
3308,32071105.333333332
3309,8769331.0
3310,7351705.666666667
3311,16110460.333333334
3312,2743778.3333333335
3313,44057664.333333336
3314,9769374.333333334
3315,158106088.66666666
3316,21554314.666666668
3317,849291.3333333334
3318,1335195.6666666667
3319,9080321.0
3320,2530777.0
3321,48064062.666666664
3322,48698.666666666664
3323,85499102.66666667
3324,2301911.6666666665
3325,72060312.66666667
3326,96336055.33333333
3327,141764634.66666666
3328,31647766.0
3329,33089202.333333332
3330,81828930.33333333
3331,14618402.333333334
3332,24711147.333333332
3333,371452970.3333333
3334,11193276.666666666
3335,40007063.333333336
3336,21758751.666666668
3337,44951.0
3338,31509467.0
3339,2135625.0
3340,191091947.33333334
3341,18026061.666666668
3342,121619421.66666667
3343,11098866.0
3344,1237725.0
3345,4097744.6666666665
3346,45434396.333333336
3347,81949.0
3348,48654576.666666664
3349,120496420.0
3350,171692722.0
3351,13079737.333333334
3352,3067438.0
3353,98660799.0
3354,12989910.0
3355,10825202.333333334
3356,46365969.0
3357,664167.3333333334
3358,13433184.333333334
3359,18768469.0
3360,47821886.333333336
3361,93546017.0
3362,26115379.0
3363,3700892.3333333335
3364,21740333.333333332
3365,1544566.6666666667
3366,91574035.66666667
3367,106444401.33333333
3368,3368226.6666666665
3369,72987471.66666667
3370,86106584.66666667
3371,51109705.0
3372,60349917.0
3373,42163050.333333336
3374,6177392.333333333
3375,141173544.66666666
3376,8935904.0
3377,775438.3333333334
3378,5973018.666666667
3379,167031374.0
3380,116087330.0
3381,1693431.0
3382,14867871.666666666
3383,218870.66666666666
3384,9826038.666666666
3385,112183566.33333333
3386,3694593.0
3387,36621142.333333336
3388,117939719.0
3389,387658096.3333333
3390,47033290.666666664
3391,83028318.0
3392,1773059.0
3393,9116980.333333334
3394,95104290.66666667
3395,59012735.0
3396,2954072.3333333335
3397,22592.0
3398,312084427.6666667
3399,49033999.333333336
3400,26315881.333333332
3401,2250707.3333333335
3402,1414223.0
3403,68376577.0
3404,46934624.0
3405,10233548.333333334
3406,381289653.3333333
3407,305954292.6666667
3408,79778911.66666667
3409,2286003.3333333335
3410,8935904.0
3411,84861846.66666667
3412,46165062.333333336
3413,76946260.66666667
3414,1245736.3333333333
3415,8638337.666666666
3416,132568281.66666667
3417,140012173.66666666
3418,25002331.0
3419,280595724.3333333
3420,27629214.333333332
3421,13527043.666666666
3422,551087.6666666666
3423,529745998.0
3424,322795.0
3425,533832.3333333334
3426,49728360.666666664
3427,29479282.333333332
3428,4448696.333333333
3429,50727252.666666664
3430,364198556.6666667
3431,1466111.6666666667
3432,16855517.666666668
3433,9091730.333333334
3434,6671821.0
3435,226929554.0
3436,144076939.0
3437,2755974.6666666665
3438,41109781.333333336
3439,80954103.33333333
3440,91487982.0
3441,105508040.66666667
3442,1308680.3333333333
3443,1804912.0
3444,15853681.333333334
3445,75910151.33333333
3446,767496.0
3447,2211835.6666666665
3448,26870719.666666668
3449,18091621.666666668
3450,44518022.666666664
3451,42245734.666666664
3452,51974681.666666664
3453,73715709.33333333
3454,82427069.0
3455,14040289.0
3456,737636183.3333334
3457,61672699.666666664
3458,9388195.333333334
3459,293821777.6666667
3460,20204045.0
3461,12041754.333333334
3462,11522491.0
3463,34397916.333333336
3464,342183.0
3465,24417186.666666668
3466,16060312.0
3467,49038554.0
3468,81769815.0
3469,8645077.666666666
3470,607485.3333333334
3471,48064062.666666664
3472,688295.6666666666
3473,113986147.33333333
3474,30995552.333333332
3475,366835591.0
3476,27050211.0
3477,54901698.666666664
3478,14438142.666666666
3479,161155893.0
3480,3850929.6666666665
3481,749194.6666666666
3482,436107.3333333333
3483,7474003.0
3484,4394000.0
3485,131657123.66666667
3486,119515669.33333333
3487,49714256.333333336
3488,28450133.666666668
3489,215762.0
3490,41669534.666666664
3491,55743579.0
3492,9517176.0
3493,49195065.666666664
3494,7186661.0
3495,81769815.0
3496,984836.3333333334
3497,64210411.666666664
3498,78768493.0
3499,24390094.0
3500,3172072.0
3501,120288858.0
3502,57658964.0
3503,28033333.333333332
3504,76684280.0
3505,7845055.666666667
3506,17704212.666666668
3507,123148325.66666667
3508,5181667.0
3509,152569.66666666666
3510,55462261.0
3511,35744646.0
3512,114177285.0
3513,51958289.666666664
3514,15408027.666666666
3515,1539689.0
3516,39953746.333333336
3517,516809082.6666667
3518,21559056.0
3519,26827818.0
3520,448607.3333333333
3521,121085.0
3522,34994326.666666664
3523,24123942.0
3524,140103542.0
3525,108055268.0
3526,29773129.333333332
3527,57014022.0
3528,42861369.666666664
3529,543597640.6666666
3530,235172293.0
3531,160530257.66666666
3532,64046601.666666664
3533,18960260.333333332
3534,84735950.33333333
3535,293913532.6666667
3536,13410000.0
3537,34873295.333333336
3538,25776714.0
3539,76543534.0
3540,19623306.0
3541,45105733.0
3542,59947245.333333336
3543,11095.333333333334
3544,8935904.0
3545,5044502.333333333
3546,20372137.0
3547,381289653.3333333
3548,454396448.6666667
3549,9356787.333333334
3550,159989221.0
3551,17515504.0
3552,15770143.0
3553,64086902.333333336
3554,117575663.33333333
3555,286093363.3333333
3556,145931637.0
3557,24486101.333333332
3558,209970001.33333334
3559,103415718.33333333
3560,1103588.6666666667
3561,103294572.0
3562,10234956.666666666
3563,3815690.6666666665
3564,16730709.666666666
3565,6168291.333333333
3566,15408027.666666666
3567,16616669.666666666
3568,13520033.666666666
3569,249129994.0
3570,4698933.666666667
3571,128097968.33333333
3572,181751552.0
3573,9727796.0
3574,30595840.333333332
3575,1527806.0
3576,25955510.666666668
3577,19734199.666666668
3578,103415718.33333333
3579,32071105.333333332
3580,23803113.333333332
3581,96495496.0
3582,99356671.66666667
3583,5602455.333333333
3584,53799494.666666664
3585,43446298.666666664
3586,17085328.666666668
3587,2142870.0
3588,10002592.666666666
3589,15946372.333333334
3590,40530127.0
3591,462073889.0
3592,336782.3333333333
3593,30840874.0
3594,18967072.666666668
3595,60535020.0
3596,17244762.0
3597,1043474.0
3598,89699426.0
3599,7403722.333333333
3600,2763246.6666666665
3601,6539795.0
3602,138631.66666666666
3603,22188396.333333332
3604,3807000.0
3605,35241220.666666664
3606,6195218.666666667
3607,9826038.666666666
3608,186108833.33333334
3609,4456020.333333333
3610,50208084.333333336
3611,124970.33333333333
3612,12156559.0
3613,20474400.333333332
3614,71309346.0
3615,63338227.0
3616,3081254.3333333335
3617,18769851.0
3618,83972912.66666667
3619,157781.66666666666
3620,318420932.3333333
3621,96535913.0
3622,84977702.0
3623,145446868.33333334
3624,3810153.0
3625,3106079.6666666665
3626,51928828.666666664
3627,42683338.666666664
3628,223272838.33333334
3629,12302050.333333334
3630,1048340.6666666666
3631,151921485.0
3632,41353450.666666664
3633,74191265.66666667
3634,3757942.3333333335
3635,2507237.6666666665
3636,24879375.666666668
3637,8346950.0
3638,31052369.333333332
3639,272918117.6666667
3640,96535913.0
3641,40839699.333333336
3642,396624.6666666667
3643,6617119.333333333
3644,28436193.333333332
3645,11772604.666666666
3646,9349106.333333334
3647,76387033.66666667
3648,8933333.333333334
3649,9021469.333333334
3650,85841014.66666667
3651,387658096.3333333
3652,19167533.0
3653,213276193.66666666
3654,11308575.666666666
3655,22945734.666666668
3656,15946372.333333334
3657,3132384.3333333335
3658,1710878.3333333333
3659,74191265.66666667
3660,260360713.33333334
3661,23926234.333333332
3662,47273130.666666664
3663,366835591.0
3664,139604.66666666666
3665,7080822.0
3666,16963871.666666668
3667,92173162.66666667
3668,77157557.33333333
3669,5044251.666666667
3670,28796831.666666668
3671,28904737.333333332
3672,5049885.0
3673,88543042.66666667
3674,32812769.666666668
3675,293821777.6666667
3676,125136369.66666667
3677,8191250.0
3678,27405945.0
3679,69581539.33333333
3680,10029386.0
3681,6158333.666666667
3682,337885655.3333333
3683,826483.3333333334
3684,88281385.0
3685,79955697.33333333
3686,6516246.666666667
3687,243236254.0
3688,17790842.333333332
3689,50416722.0
3690,79306434.0
3691,16580508.333333334
3692,2596610.6666666665
3693,234319919.66666666
3694,56020477.0
3695,40690762.666666664
3696,32525043.333333332
3697,39384882.666666664
3698,48669364.333333336
3699,7840666.666666667
3700,117875152.33333333
3701,159880148.33333334
3702,702712.3333333334
3703,103378747.33333333
3704,57495482.0
3705,9530549.666666666
3706,123478880.0
3707,3305545.6666666665
3708,2732213.0
3709,353202238.0
3710,14278926.0
3711,4594867.666666667
3712,9530549.666666666
3713,97026929.33333333
3714,2158449.6666666665
3715,16932171.0
3716,4407505.333333333
3717,993268.6666666666
3718,8656643.333333334
3719,9826038.666666666
3720,12156559.0
3721,2167947.3333333335
3722,40967541.666666664
3723,55550347.333333336
3724,12393945.333333334
3725,11057033.666666666
3726,949947.6666666666
3727,76484343.0
3728,147563215.0
3729,7588436.333333333
3730,75629371.33333333
3731,151813843.33333334
3732,37396204.0
3733,205633138.66666666
3734,269012301.6666667
3735,16534530.333333334
3736,37159421.0
3737,53817867.0
3738,1104011.3333333333
3739,107750938.33333333
3740,1498744.6666666667
3741,11245590.333333334
3742,46968944.0
3743,29243570.333333332
3744,139835010.66666666
3745,43446298.666666664
3746,92224993.33333333
3747,448607.3333333333
3748,10982688.333333334
3749,1043474.0
3750,88.0
3751,2575375.6666666665
3752,1608841.6666666667
3753,10154765.666666666
3754,34485724.666666664
3755,46986890.666666664
3756,20474400.333333332
3757,462073889.0
3758,213276193.66666666
3759,7118637.333333333
3760,118173850.0
3761,42613836.666666664
3762,333463672.6666667
3763,76221129.0
3764,62664056.0
3765,2180262.6666666665
3766,6576895.333333333
3767,7481569.333333333
3768,14390527.0
3769,4603959.333333333
3770,3083251.3333333335
3771,30387020.0
3772,3382443.6666666665
3773,15797072.666666666
3774,39283819.333333336
3775,133820855.66666667
3776,141173544.66666666
3777,6656650.666666667
3778,9695348.333333334
3779,1176081.3333333333
3780,49038554.0
3781,55433501.666666664
3782,796801.3333333334
3783,21432388.333333332
3784,8769331.0
3785,671071471.0
3786,10379530.666666666
3787,171055735.33333334
3788,428524610.6666667
3789,28874211.0
3790,400899.6666666667
3791,7403722.333333333
3792,134877.66666666666
3793,664167.3333333334
3794,9052406.333333334
3795,169749989.66666666
3796,36730541.333333336
3797,4300493.333333333
3798,31913357.0
3799,24024419.666666668
3800,1863034.0
3801,108713714.0
3802,440906.3333333333
3803,39214579.333333336
3804,1603105.6666666667
3805,242333.0
3806,132961817.0
3807,848682.0
3808,4274079.333333333
3809,29243570.333333332
3810,19902917.666666668
3811,20474602.666666668
3812,9942612.0
3813,336000.0
3814,683835.3333333334
3815,58207072.0
3816,160199314.0
3817,110698775.0
3818,111777805.66666667
3819,105787685.0
3820,91829258.33333333
3821,87609491.0
3822,34560303.333333336
3823,2891161.3333333335
3824,3162580.3333333335
3825,1138847.6666666667
3826,29258007.666666668
3827,209970001.33333334
3828,7989870.0
3829,111668.33333333333
3830,36322002.333333336
3831,10349.333333333334
3832,200039757.0
3833,93235133.66666667
3834,82852584.66666667
3835,5133057.0
3836,3827475.3333333335
3837,45684778.333333336
3838,92625870.33333333
3839,1616597.3333333333
3840,56633195.333333336
3841,152569.66666666666
3842,1647172.6666666667
3843,69153460.33333333
3844,39953746.333333336
3845,993268.6666666666
3846,844762.3333333334
3847,1803297.3333333333
3848,3951350.3333333335
3849,121541738.33333333
3850,13994722.333333334
3851,97204868.66666667
3852,3816402.6666666665
3853,150298365.33333334
3854,1080285.3333333333
3855,1618113.0
3856,14678899.666666666
3857,516809082.6666667
3858,86875.33333333333
3859,4920088.666666667
3860,37054739.666666664
3861,40000000.0
3862,3835755.0
3863,88031927.33333333
3864,72075259.0
3865,91827787.0
3866,13229271.666666666
3867,108055268.0
3868,11309569.333333334
3869,56997024.0
3870,79976079.33333333
3871,591339005.0
3872,14784294.333333334
3873,23096982.0
3874,6598022.0
3875,132638296.33333333
3876,6585889.666666667
3877,93630426.33333333
3878,274405291.6666667
3879,222736749.33333334
3880,26373413.333333332
3881,124970.33333333333
3882,4181933.3333333335
3883,3098296.3333333335
3884,103086194.33333333
3885,26766030.333333332
3886,34923790.333333336
3887,9699561.333333334
3888,8542834.333333334
3889,60280749.0
3890,71465918.0
3891,13632936.666666666
3892,7860477.0
3893,429516957.3333333
3894,176674499.33333334
3895,55285783.333333336
3896,90682122.33333333
3897,2203666.6666666665
3898,73461513.66666667
3899,293821777.6666667
3900,86186114.66666667
3901,16357363.333333334
3902,157781.66666666666
3903,406442.3333333333
3904,11733333.666666666
3905,6564447.666666667
3906,15206857.0
3907,7015740.666666667
3908,56666666.666666664
3909,2596610.6666666665
3910,48064062.666666664
3911,629211.6666666666
3912,18837230.333333332
3913,70172024.66666667
3914,37842038.666666664
3915,177526791.33333334
3916,215016.66666666666
3917,20372137.0
3918,588274.6666666666
3919,75011570.33333333
3920,62367152.0
3921,3220500.6666666665
3922,53718759.333333336
3923,97672314.0
3924,44825891.666666664
3925,140847945.0
3926,483946.3333333333
3927,88734974.0
3928,38859403.333333336
3929,82853548.33333333
3930,917632.3333333334
3931,63694868.666666664
3932,3947832.0
3933,37001442.0
3934,117381808.66666667
3935,21433.0
3936,1400280.6666666667
3937,75603823.66666667
3938,11308426.333333334
3939,21057611.666666668
3940,9273052.666666666
3941,23926234.333333332
3942,224944818.0
3943,544902731.6666666
3944,56497048.333333336
3945,36149908.0
3946,79101481.33333333
3947,50835364.333333336
3948,15968532.0
3949,10281656.0
3950,4097744.6666666665
3951,24326566.0
3952,87950021.66666667
3953,43935322.333333336
3954,429516957.3333333
3955,19369045.666666668
3956,223723021.33333334
3957,7989870.0
3958,6789942.0
3959,61960287.0
3960,3465138.6666666665
3961,96612247.66666667
3962,3947832.0
3963,11967375.0
3964,838441724.0
3965,144076939.0
3966,78255880.66666667
3967,562355979.0
3968,48052445.333333336
3969,27853761.333333332
3970,19425199.333333332
3971,13403323.0
3972,25918212.333333332
3973,21516956.666666668
3974,431694.3333333333
3975,103378747.33333333
3976,210444692.66666666
3977,127564233.66666667
3978,195151397.33333334
3979,29521795.0
3980,6435202.666666667
3981,4268815.333333333
3982,2692779.6666666665
3983,16219997.666666666
3984,120170466.33333333
3985,8316803.666666667
3986,387658096.3333333
3987,53981595.333333336
3988,9625040.333333334
3989,44213325.666666664
3990,57952460.0
3991,370342.0
3992,322795.0
3993,36388536.0
3994,43547221.0
3995,60913246.333333336
3996,50606976.666666664
3997,90297419.0
3998,35744646.0
3999,3989430.6666666665
4000,175316890.33333334
4001,3580631.6666666665
4002,127661909.0
4003,2806621.0
4004,68355558.33333333
4005,500000.0
4006,12001474.333333334
4007,2322872.3333333335
4008,25751501.666666668
4009,34608549.333333336
4010,15668839.666666666
4011,19459921.333333332
4012,95104290.66666667
4013,90131633.66666667
4014,30840874.0
4015,80396898.66666667
4016,30595840.333333332
4017,14373276.0
4018,12857373.666666666
4019,342664747.6666667
4020,2245134.3333333335
4021,35584360.333333336
4022,52752307.0
4023,159969599.0
4024,9340411.333333334
4025,132914.0
4026,23044105.666666668
4027,26339840.0
4028,5215014.0
4029,177471.33333333334
4030,160530257.66666666
4031,199471244.0
4032,5407.666666666667
4033,1223780.3333333333
4034,6350142.0
4035,51801457.666666664
4036,10966717.333333334
4037,14390527.0
4038,13632936.666666666
4039,115191303.66666667
4040,9937333.333333334
4041,237297.66666666666
4042,64717398.333333336
4043,2785167.6666666665
4044,27821513.0
4045,29255626.333333332
4046,21630991.0
4047,814082676.3333334
4048,10801477.333333334
4049,1849002.3333333333
4050,976453.6666666666
4051,507897548.6666667
4052,8755651.666666666
4053,316352.6666666667
4054,1303585.0
4055,50550048.333333336
4056,13950556.333333334
4057,88.0
4058,67971381.33333333
4059,5219507.666666667
4060,49127891.0
4061,67297594.66666667
4062,10376203.666666666
4063,22832511.0
4064,313580357.3333333
4065,167569086.66666666
4066,12156559.0
4067,13078132.0
4068,7940779.666666667
4069,38445053.0
4070,22796985.333333332
4071,14929995.666666666
4072,77476047.0
4073,132710815.0
4074,78250.66666666667
4075,63794856.0
4076,17163150.0
4077,135632493.0
4078,20232943.666666668
4079,66136980.666666664
4080,44234522.333333336
4081,29139250.666666668
4082,272918117.6666667
4083,110679669.66666667
4084,5735395.333333333
4085,10543187.333333334
4086,60343272.666666664
4087,110792819.33333333
4088,42353595.666666664
4089,51948107.0
4090,3857546.6666666665
4091,148665988.33333334
4092,91705957.33333333
4093,13815929.333333334
4094,5663519.333333333
4095,269427658.3333333
4096,7870635.666666667
4097,42417886.0
4098,46100498.0
4099,1474158.6666666667
4100,23596760.0
4101,35533299.666666664
4102,22176738.666666668
4103,49415651.333333336
4104,10247669.666666666
4105,416542.0
4106,7221002.0
4107,431694.3333333333
4108,82853548.33333333
4109,2320480.6666666665
4110,35723948.666666664
4111,75300000.0
4112,128470340.0
4113,20821401.333333332
4114,156929453.66666666
4115,1737799.3333333333
4116,90634928.0
4117,18761397.666666668
4118,104862183.0
4119,58609869.333333336
4120,400899.6666666667
4121,5623405.0
4122,225933757.33333334
4123,9521067.333333334
4124,88815223.33333333
4125,47318037.0
4126,30436858.333333332
4127,14644930.666666666
4128,18154896.0
4129,661884.6666666666
4130,4097744.6666666665
4131,204560372.33333334
4132,148665988.33333334
4133,80022255.0
4134,42894505.666666664
4135,55179888.0
4136,182509067.66666666
4137,13189283.0
4138,39125674.0
4139,10857714.666666666
4140,5219507.666666667
4141,6671821.0
4142,16219997.666666666
4143,46454504.666666664
4144,590475.0
4145,79398296.0
4146,3434492.0
4147,400899.6666666667
4148,18542496.0
4149,19510410.333333332
4150,11657325.666666666
4151,1103588.6666666667
4152,29359652.333333332
4153,4601189.0
4154,34329126.0
4155,55701445.333333336
4156,1647500.3333333333
4157,9931856.0
4158,50550048.333333336
4159,78098025.66666667
4160,225933757.33333334
4161,41815527.0
4162,13633261.666666666
4163,127328877.0
4164,8618177.0
4165,12156559.0
4166,2843011.0
4167,94033342.66666667
4168,6671821.0
4169,130025.33333333333
4170,26741534.666666668
4171,205411417.0
4172,76684280.0
4173,3947832.0
4174,10220559.0
4175,7579357.666666667
4176,71296176.0
4177,177471.33333333334
4178,364198556.6666667
4179,2954072.3333333335
4180,162367152.33333334
4181,60700000.0
4182,2635864.6666666665
4183,7391773.333333333
4184,29532214.666666668
4185,4532176.666666667
4186,5626049.0
4187,23390869.0
4188,15470124.0
4189,1046333.3333333334
4190,111668.33333333333
4191,5105337.333333333
4192,354968.6666666667
4193,338245776.6666667
4194,195601296.0
4195,40344341.666666664
4196,15968532.0
4197,43998519.0
4198,500000.0
4199,2984178.6666666665
4200,88921110.66666667
4201,49195065.666666664
4202,195064707.33333334
4203,5379905.666666667
4204,103378747.33333333
4205,976453.6666666666
4206,8210073.333333333
4207,337885655.3333333
4208,537259264.0
4209,49731768.0
4210,317858292.0
4211,50884694.0
4212,471974177.0
4213,1539689.0
4214,31619888.666666668
4215,9802479.333333334
4216,851008.3333333334
4217,1501200.6666666667
4218,38347452.333333336
4219,29243570.333333332
4220,12594266.0
4221,11095.333333333334
4222,25411583.0
4223,88921110.66666667
4224,17815524.0
4225,23538739.0
4226,5820733.666666667
4227,15515583.666666666
4228,1216365.6666666667
4229,26944897.666666668
4230,57323456.666666664
4231,9549948.333333334
4232,28874211.0
4233,52332828.666666664
4234,34984483.333333336
4235,5946904.333333333
4236,49038554.0
4237,3722352.6666666665
4238,52628992.0
4239,155600859.0
4240,121558933.33333333
4241,274405291.6666667
4242,5950126.333333333
4243,130025.33333333333
4244,55410377.333333336
4245,1441737.6666666667
4246,5546470.666666667
4247,73025847.33333333
4248,19742353.0
4249,140816120.66666666
4250,50292154.333333336
4251,45977.333333333336
4252,113558846.33333333
4253,100046198.0
4254,24754454.0
4255,65661232.0
4256,207018697.33333334
4257,224854393.33333334
4258,57670648.0
4259,1308680.3333333333
4260,188296026.66666666
4261,18542042.333333332
4262,11230858.0
4263,5612367.666666667
4264,462073889.0
4265,29839983.666666668
4266,13520033.666666666
4267,31777474.0
4268,5216595.333333333
4269,4448675.0
4270,378058070.0
4271,95104290.66666667
4272,177471.33333333334
4273,84735950.33333333
4274,65355283.666666664
4275,13252938.0
4276,35150292.333333336
4277,16041372.666666666
4278,45029077.333333336
4279,55588836.333333336
4280,322795.0
4281,4603959.333333333
4282,15470837.0
4283,587893.6666666666
4284,22538834.333333332
4285,111668.33333333333
4286,537259264.0
4287,18349667.0
4288,70488382.33333333
4289,47623540.333333336
4290,56341845.333333336
4291,338016.3333333333
4292,1178419.0
4293,21549830.0
4294,61104240.333333336
4295,195151397.33333334
4296,50587036.0
4297,28874211.0
4298,272962.0
4299,42964387.333333336
4300,91487982.0
4301,2211835.6666666665
4302,6580728.0
4303,842268.6666666666
4304,44703488.666666664
4305,19659586.333333332
4306,3887369.3333333335
4307,316352.6666666667
4308,1603105.6666666667
4309,54235039.0
4310,14801407.0
4311,16730709.666666666
4312,154689515.0
4313,239524708.0
4314,76922459.66666667
4315,166588341.33333334
4316,122995836.33333333
4317,4603959.333333333
4318,52382984.666666664
4319,1162357.3333333333
4320,521009.0
4321,111203064.66666667
4322,6755552.0
4323,22176738.666666668
4324,8901175.666666666
4325,231925.0
4326,18154896.0
4327,13437828.333333334
4328,94151933.33333333
4329,796801.3333333334
4330,293821777.6666667
4331,28261510.333333332
4332,112362439.33333333
4333,1382821.0
4334,82525086.0
4335,63148036.666666664
4336,16577473.333333334
4337,215016.66666666666
4338,191634120.0
4339,205411417.0
4340,52545729.666666664
4341,24060578.666666668
4342,30808369.0
4343,50884694.0
4344,2366292.0
4345,1734673.3333333333
4346,87243883.33333333
4347,124740274.66666667
4348,1414223.0
4349,288485221.0
4350,33143733.333333332
4351,197436725.33333334
4352,75755637.33333333
4353,140186693.0
4354,30298263.0
4355,27326573.666666668
4356,13662859.333333334
4357,224171302.0
4358,25313335.0
4359,16616669.666666666
4360,83901050.33333333
4361,62022084.333333336
4362,23867829.666666668
4363,78668827.66666667
4364,76694525.0
4365,16802093.333333332
4366,70920945.66666667
4367,718890.3333333334
4368,122261579.0
4369,22849503.0
4370,68833811.33333333
4371,44509075.333333336
4372,28831247.333333332
4373,29839983.666666668
4374,60849382.333333336
4375,2798191.0
4376,41239.0
4377,44269983.666666664
4378,24330109.0
4379,84238115.33333333
4380,247691018.33333334
4381,247578838.33333334
4382,212958103.0
4383,179636224.66666666
4384,56312259.0
4385,968587.3333333334
4386,159774723.66666666
4387,30775553.333333332
4388,154637810.0
4389,179651276.0
4390,5866666.666666667
4391,9110134.666666666
4392,115484656.33333333
4393,6158333.666666667
4394,10971414.333333334
4395,4738999.0
4396,127071898.66666667
4397,57690546.666666664
4398,138047315.66666666
4399,2895148.6666666665
4400,12959303.666666666
4401,1217765.3333333333
4402,13776787.666666666
4403,33088662.333333332
4404,18183024.333333332
4405,9702930.666666666
4406,6049979.333333333
4407,3670653.6666666665
4408,6435202.666666667
4409,2322872.3333333335
4410,110853271.0
4411,156683939.66666666
4412,250849667.0
4413,41526948.333333336
4414,13104994.333333334
4415,8247015.0
4416,3172072.0
4417,118550701.66666667
4418,14722669.333333334
4419,35627865.666666664
4420,449272483.6666667
4421,3761425.6666666665
4422,11774171.666666666
4423,8662094.333333334
4424,16730709.666666666
4425,6097938.666666667
4426,88904831.33333333
4427,39071629.0
4428,2180105.6666666665
4429,2431620.0
4430,121085.0
4431,28744916.0
4432,147423813.0
4433,264434472.33333334
4434,365255477.3333333
4435,52112009.333333336
4436,36447275.0
4437,3951350.3333333335
4438,121085.0
4439,16200019.666666666
4440,3664129.6666666665
4441,18349667.0
4442,4861828.0
4443,342183.0
4444,674392.6666666666
4445,54973620.333333336
4446,300887.3333333333
4447,55591584.0
4448,36447275.0
4449,4696625.0
4450,286093363.3333333
4451,248201773.0
4452,23370370.0
4453,1789417.3333333333
4454,111668.33333333333
4455,4603959.333333333
4456,107591446.66666667
4457,5034274.666666667
4458,1535808.0
4459,29994404.666666668
4460,8242390.0
4461,195316899.66666666
4462,261965864.33333334
4463,12146646.0
4464,75514548.66666667
4465,38157354.666666664
4466,5151636.0
4467,14554487.666666666
4468,3313825.6666666665
4469,37517074.0
4470,50209705.0
4471,2526221.6666666665
4472,189887525.33333334
4473,30023742.666666668
4474,1139866.3333333333
4475,6728288.0
4476,968587.3333333334
4477,12608360.333333334
4478,4861828.0
4479,8972964.333333334
4480,69581539.33333333
4481,3454398.6666666665
4482,11414500.0
4483,13196619.333333334
4484,3269899.6666666665
4485,35543981.666666664
4486,50824457.666666664
4487,5600260.333333333
4488,53085802.0
4489,6273736.0
4490,542496.0
4491,225643227.33333334
4492,5973018.666666667
4493,17857865.333333332
4494,76733333.33333333
4495,20507164.666666668
4496,31798627.666666668
4497,26042364.333333332
4498,56333333.333333336
4499,951809.0
4500,71834573.66666667
4501,143664494.0
4502,9605167.333333334
4503,521322526.3333333
4504,9521067.333333334
4505,2374474.6666666665
4506,54792994.333333336
4507,138631.66666666666
4508,2690740.3333333335
4509,984836.3333333334
4510,53424449.333333336
4511,83919552.0
4512,14722669.333333334
4513,73628392.33333333
4514,61056605.333333336
4515,429516957.3333333
4516,17231046.666666668
4517,20659742.333333332
4518,366835591.0
4519,68481627.66666667
4520,12959303.666666666
4521,27069948.0
4522,86310432.33333333
4523,104240868.66666667
4524,10320174.333333334
4525,5603264.666666667
4526,11892118.666666666
4527,12893659.666666666
4528,20914688.0
4529,2954072.3333333335
4530,43455349.666666664
4531,1413448.6666666667
4532,12989910.0
4533,18954830.333333332
4534,2938915.0
4535,76684280.0
4536,39826303.666666664
4537,4244348.333333333
4538,48618453.666666664
4539,10732933.0
4540,65989092.666666664
4541,27851376.0
4542,117384281.66666667
4543,89606103.66666667
4544,7613910.666666667
4545,1003738.3333333334
4546,2905030.0
4547,2676478.3333333335
4548,5368520.666666667
4549,1906136.3333333333
4550,54397472.666666664
4551,544902731.6666666
4552,12489709.333333334
4553,25320505.666666668
4554,172680036.0
4555,951809.0
4556,31647766.0
4557,2492258.0
4558,11607827.666666666
4559,49731768.0
4560,34897966.666666664
4561,36863303.333333336
4562,957584.3333333334
4563,140816120.66666666
4564,1339689.3333333333
4565,2322872.3333333335
4566,23150151.666666668
4567,26733366.0
4568,11355297.333333334
4569,11938520.333333334
4570,12694008.666666666
4571,3515022.0
4572,32032812.666666668
4573,28796831.666666668
4574,43762.0
4575,3217179.3333333335
4576,4590816.333333333
4577,30731719.666666668
4578,54231564.333333336
4579,3947832.0
4580,35758986.333333336
4581,17916476.333333332
4582,74191265.66666667
4583,111262119.33333333
4584,1540262.0
4585,194937491.0
4586,37097453.666666664
4587,19194460.0
4588,180429185.0
4589,8190783.666666667
4590,731654356.6666666
4591,33197996.666666668
4592,15853681.333333334
4593,1361522.0
4594,31052369.333333332
4595,372007325.3333333
4596,429516957.3333333
4597,26221711.333333332
4598,191891525.33333334
4599,14357911.333333334
4600,11439871.333333334
4601,71890049.66666667
4602,32185540.666666668
4603,18032955.333333332
4604,12302050.333333334
4605,589952927.6666666
4606,132113043.66666667
4607,53284692.333333336
4608,8529056.333333334
4609,60535020.0
4610,137862264.0
4611,41800916.333333336
4612,28470297.0
4613,55701445.333333336
4614,16367957.333333334
4615,15300218.333333334
4616,470383.0
4617,59948093.666666664
4618,78040.33333333333
4619,7430736.333333333
4620,950616.6666666666
4621,65652486.333333336
4622,11184342.0
4623,6070666.666666667
4624,2195827.0
4625,9946213.666666666
4626,3882673.0
4627,13731621.666666666
4628,3431736.0
4629,29556928.0
4630,1574855.0
4631,41518285.0
4632,11242073.666666666
4633,10349.333333333334
4634,968587.3333333334
4635,2882862.6666666665
4636,84399029.66666667
4637,10083099.333333334
4638,33151777.0
4639,3651275.3333333335
4640,27508281.666666668
4641,5315498.333333333
4642,34994326.666666664
4643,111262119.33333333
4644,6666227.333333333
4645,7474003.0
4646,638359799.6666666
4647,45977.333333333336
4648,50255484.0
4649,140816120.66666666
4650,66527682.0
4651,32984296.333333332
4652,398702722.6666667
4653,1245736.3333333333
4654,85983828.33333333
4655,120170466.33333333
4656,10175070.0
4657,1616597.3333333333
4658,57910090.0
4659,11244649.333333334
4660,30773717.333333332
4661,17958411.0
4662,2954072.3333333335
4663,29963589.0
4664,15923371.666666666
4665,91677590.66666667
4666,37243443.0
4667,41355721.0
4668,14801407.0
4669,10552713.0
4670,39826303.666666664
4671,14551075.333333334
4672,1390522.3333333333
4673,17700000.0
4674,6877666.666666667
4675,8744916.0
4676,27397523.666666668
4677,90860.33333333333
4678,1736282.3333333333
4679,3762119.0
4680,1585080.6666666667
4681,24799875.666666668
4682,63178836.666666664
4683,20555378.333333332
4684,130805.33333333333
4685,25004183.333333332
4686,4557921.0
4687,24390094.0
4688,147093628.33333334
4689,20918068.666666668
4690,39475622.666666664
4691,6335450.333333333
4692,34994326.666666664
4693,5047628.666666667
4694,28017397.666666668
4695,48004717.666666664
4696,42964387.333333336
4697,107951795.33333333
4698,10325834.333333334
4699,11752730.333333334
4700,105142515.33333333
4701,275920618.3333333
4702,19532365.666666668
4703,3768807.3333333335
4704,11851709.0
4705,28902120.666666668
4706,103595332.66666667
4707,1550129.0
4708,33037759.333333332
4709,542496.0
4710,364198556.6666667
4711,7281946.333333333
4712,1118509.6666666667
4713,115794680.33333333
4714,34623482.333333336
4715,517376.3333333333
4716,4676881.333333333
4717,12080743.333333334
4718,20302610.0
4719,110486244.33333333
4720,7695256.666666667
4721,5186770.666666667
4722,55179888.0
4723,997181.3333333334
4724,136624555.66666666
4725,37132542.0
4726,15853681.333333334
4727,9695928.333333334
4728,40945717.0
4729,104166145.66666667
4730,993268.6666666666
4731,28519822.666666668
4732,142127256.66666666
4733,215016.66666666666
4734,187820543.66666666
4735,34399700.666666664
4736,11721461.666666666
4737,96612247.66666667
4738,5597479.0
4739,44077390.0
4740,624187461.6666666
4741,6385133.333333333
4742,54532400.333333336
4743,13645164.666666666
4744,615196.6666666666
4745,74972503.33333333
4746,38991824.666666664
4747,12229403.333333334
4748,81769815.0
4749,5808469.333333333
4750,75797033.33333333
4751,12772920.0
4752,4738999.0
4753,41336232.0
4754,474973992.0
4755,34915244.0
4756,54329696.0
4757,145231424.66666666
4758,81769815.0
4759,660443053.3333334
4760,4594867.666666667
4761,20961702.666666668
4762,53817867.0
4763,1240511.0
4764,507897548.6666667
4765,26487360.666666668
4766,162713258.33333334
4767,70060303.33333333
4768,128097968.33333333
4769,34835822.666666664
4770,56374535.666666664
4771,62939102.666666664
4772,18534856.666666668
4773,36149908.0
4774,9165447.666666666
4775,5151636.0
4776,2374324.6666666665
4777,179636224.66666666
4778,103378747.33333333
4779,26738724.0
4780,54639585.0
4781,2167947.3333333335
4782,79482379.0
4783,76866215.0
4784,4766322.666666667
4785,23004266.333333332
4786,142120682.66666666
4787,35144037.0
4788,34984483.333333336
4789,28333957.333333332
4790,152685271.0
4791,8839952.666666666
4792,9517176.0
4793,44376155.0
4794,43336.666666666664
4795,4659599.666666667
4796,4551375.0
4797,332310161.6666667
4798,49195065.666666664
4799,38244708.0
4800,9983049.666666666
4801,9006910.0
4802,28261510.333333332
4803,2163886.0
4804,20914688.0
4805,5105337.333333333
4806,4175015.6666666665
4807,12352896.333333334
4808,575373.0
4809,132942636.33333333
4810,177471.33333333334
4811,24024419.666666668
4812,142811613.66666666
4813,117757072.33333333
4814,5511327.666666667
4815,39826303.666666664
4816,39826303.666666664
4817,26508302.666666668
4818,66532267.333333336
4819,15078835.0
4820,127284783.0
4821,3912971.0
4822,336782.3333333333
4823,2492258.0
4824,160530257.66666666
4825,130025836.0
4826,10864722.666666666
4827,108032924.66666667
4828,12081529.0
4829,97672314.0
4830,40406456.333333336
4831,29125784.0
4832,17515498.333333332
4833,7570666.666666667
4834,9340411.333333334
4835,13864342.666666666
4836,4907632.666666667
4837,133013825.33333333
4838,55254268.333333336
4839,1245736.3333333333
4840,406247411.3333333
4841,10349.333333333334
4842,73325108.66666667
4843,206810809.66666666
4844,1255146.3333333333
4845,24871725.333333332
4846,14722669.333333334
4847,136624555.66666666
4848,31912787.333333332
4849,152510327.66666666
4850,47033290.666666664
4851,5151636.0
4852,8675149.0
4853,140186693.0
4854,81968736.66666667
4855,79976079.33333333
4856,26741534.666666668
4857,18278679.666666668
4858,38215827.0
4859,15006061.0
4860,390030726.0
4861,98096429.66666667
4862,94740421.33333333
4863,141779048.66666666
4864,71890049.66666667
4865,36538317.666666664
4866,10619263.666666666
4867,133249353.33333333
4868,2578346.6666666665
4869,5219507.666666667
4870,19742353.0
4871,11697484.333333334
4872,346963.6666666667
4873,16511206.666666666
4874,121245790.0
4875,29521795.0
4876,22916014.666666668
4877,11515280.333333334
4878,75797033.33333333
4879,25735805.0
4880,36968222.666666664
4881,8455881.666666666
4882,33088662.333333332
4883,49195065.666666664
4884,162511751.0
4885,14547748.666666666
4886,21319824.333333332
4887,1787221.0
4888,3768222.6666666665
4889,536622.0
4890,82066473.33333333
4891,473081.3333333333
4892,26607973.666666668
4893,60328432.0
4894,24032623.333333332
4895,18988345.0
4896,49877024.333333336
4897,4752222.333333333
4898,160199314.0
4899,177225913.66666666
4900,241464857.33333334
4901,63727882.333333336
4902,1693431.0
4903,9769374.333333334
4904,281343766.6666667
4905,16928450.333333332
4906,824129.3333333334
4907,803326496.0
4908,35241220.666666664
4909,130847904.0
4910,80360284.66666667
4911,19685702.0
4912,80338920.33333333
4913,12893901.666666666
4914,91487982.0
4915,113986147.33333333
4916,5519856.333333333
4917,11383309.666666666
4918,77705304.66666667
4919,49970217.666666664
4920,52015402.333333336
4921,65362097.333333336
4922,28562468.333333332
4923,59148307.666666664
4924,72193519.66666667
4925,195151397.33333334
4926,1046333.3333333334
4927,38223231.666666664
4928,16550906.666666666
4929,65063885.0
4930,1778696.0
4931,12723417.666666666
4932,2624362.0
4933,83000292.0
4934,9394109.0
4935,561481779.0
4936,764615.0
4937,1698452.6666666667
4938,3731093.3333333335
4939,3263614.6666666665
4940,3947832.0
4941,26928487.333333332
4942,1341466.6666666667
4943,107272375.66666667
4944,74191265.66666667
4945,9727796.0
4946,6879159.0
4947,393716.6666666667
4948,3652101.6666666665
4949,28520162.0
4950,47372509.333333336
4951,234319919.66666666
4952,22835289.0
4953,104553680.33333333
4954,56333333.333333336
4955,984836.3333333334
4956,7943162.666666667
4957,3887369.3333333335
4958,4660630.333333333
4959,15453576.333333334
4960,8634738.0
4961,101209355.0
4962,3652101.6666666665
4963,38215827.0
4964,1696872.6666666667
4965,968587.3333333334
4966,6165462.666666667
4967,30088339.666666668
4968,29580109.0
4969,2322872.3333333335
4970,346963.6666666667
4971,55591584.0
4972,8411543.333333334
4973,83091783.0
4974,65462191.0
4975,2317733.0
4976,1585080.6666666667
4977,83706672.0
4978,2826768.3333333335
4979,9894975.333333334
4980,30262711.0
4981,19902917.666666668
4982,176674499.33333334
4983,1269775.3333333333
4984,26432429.333333332
4985,122172589.33333333
4986,618532.3333333334
4987,164905.66666666666
4988,6352841.0
4989,16628210.666666666
4990,1267493.0
4991,25176748.666666668
4992,36645423.0
4993,16087058.666666666
4994,34451943.0
4995,7345896.333333333
4996,16534530.333333334
4997,51428802.666666664
4998,21676937.333333332
4999,73628392.33333333
5000,173551669.66666666
5001,228377794.0
5002,47126845.0
5003,93582505.66666667
5004,51974681.666666664
5005,9740148.0
5006,497288397.0
5007,14160996.333333334
5008,261117456.0
5009,70692732.0
5010,2708531.0
5011,15031630.0
5012,81828930.33333333
5013,64086902.333333336
5014,22849503.0
5015,21676937.333333332
5016,134385455.33333334
5017,11333524.0
5018,9894975.333333334
5019,125314683.0
5020,3605753.6666666665
5021,702712.3333333334
5022,225539494.33333334
5023,4448675.0
5024,201925201.33333334
5025,16730709.666666666
5026,125876275.66666667
5027,86101624.0
5028,10868695.333333334
5029,74945164.66666667
5030,5925736.333333333
5031,3053437.3333333335
5032,205505148.66666666
5033,7568463.666666667
5034,6915722.666666667
5035,1227917.3333333333
5036,8839952.666666666
5037,170571052.33333334
5038,366835591.0
5039,20821401.333333332
5040,122108188.0
5041,4963440.0
5042,67456684.66666667
5043,18349667.0
5044,474260191.0
5045,1861040.6666666667
5046,11381503.333333334
5047,2637042.0
5048,263590.3333333333
5049,196350385.0
5050,5511327.666666667
5051,366835591.0
5052,293913532.6666667
5053,13867562.0
5054,140816120.66666666
5055,64635410.666666664
5056,55550347.333333336
5057,13662859.333333334
5058,5080629.333333333
5059,154689515.0
5060,82525086.0
5061,21993877.333333332
5062,9508813.0
5063,76384.33333333333
5064,120187865.33333333
5065,9868594.333333334
5066,6097938.666666667
5067,45968230.333333336
5068,8791368.0
5069,134736769.66666666
5070,36447275.0
5071,145677471.0
5072,71869453.66666667
5073,5049885.0
5074,3664129.6666666665
5075,7876738.666666667
5076,75844887.33333333
5077,97535499.0
5078,300887.3333333333
5079,13819119.0
5080,141853246.66666666
5081,88951789.66666667
5082,7029454.666666667
5083,8061155.0
5084,42672965.666666664
5085,2056973.6666666667
5086,36221437.333333336
5087,176059.66666666666
5088,9802479.333333334
5089,5111720.666666667
5090,32763836.666666668
5091,56388069.666666664
5092,33780737.666666664
5093,81769815.0
5094,67063152.333333336
5095,95079717.33333333
5096,52466440.333333336
5097,5735395.333333333
5098,11892118.666666666
5099,15624080.666666666
5100,4097744.6666666665
5101,4426261.333333333
5102,2211835.6666666665
5103,2919991.0
5104,97134746.33333333
5105,13196619.333333334
5106,3115949.6666666665
5107,21705773.666666668
5108,104796157.66666667
5109,542496.0
5110,47033290.666666664
5111,82806596.0
5112,11368199.666666666
5113,2322872.3333333335
5114,27553679.333333332
5115,4694738.0
5116,3426010.0
5117,178652718.33333334
5118,158310632.33333334
5119,595681.0
5120,1245736.3333333333
5121,97821801.66666667
5122,2608956.6666666665
5123,28633626.0
5124,6775248.333333333
5125,36968222.666666664
5126,9740148.0
5127,96676601.66666667
5128,4139907.6666666665
5129,15668839.666666666
5130,98170211.0
5131,44415466.0
5132,84058542.33333333
5133,134385455.33333334
5134,77705304.66666667
5135,293913532.6666667
5136,26741534.666666668
5137,140103542.0
5138,36302268.666666664
5139,117602411.66666667
5140,97710157.0
5141,78524575.33333333
5142,106044113.0
5143,87463152.33333333
5144,186539003.0
5145,11721461.666666666
5146,1466111.6666666667
5147,939358.6666666666
5148,16736306.0
5149,11309279.0
5150,313580357.3333333
5151,462073889.0
5152,87232554.66666667
5153,50093809.333333336
5154,45684778.333333336
5155,1103588.6666666667
5156,264640358.66666666
5157,3752311.0
5158,1189507.6666666667
5159,103069174.66666667
5160,52112009.333333336
5161,52545729.666666664
5162,195601296.0
5163,105142515.33333333
5164,1780298.0
5165,9826038.666666666
5166,95211813.0
5167,5436522.333333333
5168,10864722.666666666
5169,29139250.666666668
5170,2071298.6666666667
5171,589952927.6666666
5172,6435202.666666667
5173,91599398.0
5174,145777178.33333334
5175,2690740.3333333335
5176,4319973.0
5177,191282203.66666666
5178,364198556.6666667
5179,458407.0
5180,13869880.0
5181,3978432.0
5182,44057664.333333336
5183,1057299.3333333333
5184,22139934.666666668
5185,739421.3333333334
5186,8252811.0
5187,6352841.0
5188,19099699.666666668
5189,56954200.0
5190,110322862.33333333
5191,79257465.33333333
5192,138676622.33333334
5193,95104290.66666667
5194,55426599.333333336
5195,142645775.0
5196,42417886.0
5197,15830167.333333334
5198,57576012.666666664
5199,103714692.66666667
5200,14644906.333333334
5201,67332699.33333333
5202,162118.66666666666
5203,479603.3333333333
5204,7619665.0
5205,54921113.333333336
5206,88091867.0
5207,4125660.6666666665
5208,17160709.333333332
5209,173551669.66666666
5210,101764134.66666667
5211,8211696.0
5212,11609062.666666666
5213,54916136.666666664
5214,157781.66666666666
5215,7249601.0
5216,144478951.33333334
5217,6739544.666666667
5218,6463390.666666667
5219,13302466.0
5220,44737278.0
5221,2806621.0
5222,34872288.333333336
5223,6158333.666666667
5224,1332440.3333333333
5225,6539795.0
5226,103622480.66666667
5227,29484701.666666668
5228,16356772.333333334
5229,313433267.0
5230,4676881.333333333
5231,751109.6666666666
5232,1618113.0
5233,860479.3333333334
5234,156347821.0
5235,12556677.333333334
5236,162367152.33333334
5237,212940498.33333334
5238,4614964.0
5239,33780737.666666664
5240,9644994.333333334
5241,10915980.666666666
5242,31679483.0
5243,9191280.0
5244,88921110.66666667
5245,5539671.333333333
5246,24326323.666666668
5247,15917001.333333334
5248,4886729.0
5249,29479282.333333332
5250,276063886.3333333
5251,4175015.6666666665
5252,90860.33333333333
5253,4178633.6666666665
5254,1875563.6666666667
5255,63455175.666666664
5256,9119620.333333334
5257,6757901.333333333
5258,8667668.0
5259,35744646.0
5260,14929995.666666666
5261,13113129.333333334
5262,12596249.333333334
5263,48064062.666666664
5264,3656806.6666666665
5265,42262276.0
5266,10215713.333333334
5267,27853761.333333332
5268,36992453.666666664
5269,115190643.33333333
5270,14160996.333333334
5271,47840093.0
5272,72905484.33333333
5273,970779.6666666666
5274,32644095.333333332
5275,46459169.333333336
5276,8242390.0
5277,2945897.3333333335
5278,40316859.0
5279,31312767.333333332
5280,31777474.0
5281,22301431.333333332
5282,85531366.0
5283,186931.66666666666
5284,4367290.666666667
5285,105457974.66666667
5286,77476047.0
5287,38915560.666666664
5288,3912971.0
5289,172923690.0
5290,120187076.66666667
5291,110322862.33333333
5292,39076868.666666664
5293,312084427.6666667
5294,1856248.6666666667
5295,562355979.0
5296,14722669.333333334
5297,158106088.66666666
5298,65506926.333333336
5299,22074054.666666668
5300,2485743.0
5301,7248135.0
5302,29258007.666666668
5303,30935552.0
5304,26952533.0
5305,2635957.6666666665
5306,19985416.333333332
5307,133910695.0
5308,4139907.6666666665
5309,6319993.333333333
5310,75993535.0
5311,12022348.0
5312,160692093.0
5313,282323005.3333333
5314,74245915.33333333
5315,6598022.0
5316,49165538.666666664
5317,18687096.666666668
5318,3062071.3333333335
5319,40090480.0
5320,152518040.66666666
5321,31488545.333333332
5322,4426261.333333333
5323,70608107.33333333
5324,19685702.0
5325,7178540.666666667
5326,8046377.0
5327,150298365.33333334
5328,33036394.0
5329,2762434.6666666665
5330,187748298.33333334
5331,615196.6666666666
5332,10051998.333333334
5333,76221129.0
5334,12985597.333333334
5335,5360425.666666667
5336,1781833.3333333333
5337,2413634.3333333335
5338,22078461.0
5339,121409892.33333333
5340,13520033.666666666
5341,141779048.66666666
5342,275920618.3333333
5343,12191079.666666666
5344,155600859.0
5345,2158449.6666666665
5346,140250037.0
5347,434795.6666666667
5348,15708225.666666666
5349,17623.333333333332
5350,2322872.3333333335
5351,109283757.0
5352,12907336.333333334
5353,55254268.333333336
5354,129484994.0
5355,142811613.66666666
5356,17390661.666666668
5357,1414223.0
5358,118782113.66666667
5359,142595498.0
5360,113781476.0
5361,4782802.0
5362,17790842.333333332
5363,36902108.333333336
5364,10033257.0
5365,115551141.33333333
5366,95104290.66666667
5367,173551669.66666666
5368,35533299.666666664
5369,450557696.0
5370,55591584.0
5371,61026994.0
5372,814082676.3333334
5373,188822593.0
5374,122266532.33333333
5375,150292767.66666666
5376,151785232.66666666
5377,32675572.333333332
5378,1618113.0
5379,5336149.333333333
5380,51468818.333333336
5381,105469638.66666667
5382,127498736.0
5383,16357363.333333334
5384,147011693.33333334
5385,148337727.33333334
5386,65063885.0
5387,6912662.333333333
5388,151813843.33333334
5389,9213842.333333334
5390,64086902.333333336
5391,19739998.333333332
5392,5735395.333333333
5393,9432696.666666666
5394,30850391.333333332
5395,11365950.0
5396,297621145.0
5397,1608841.6666666667
5398,20659742.333333332
5399,3388617.3333333335
5400,4367290.666666667
5401,166501908.66666666
5402,106059880.66666667
5403,57910090.0
5404,120828.33333333333
5405,33931740.333333336
5406,5602455.333333333
5407,287492903.6666667
5408,660443053.3333334
5409,19868196.333333332
5410,4570527.666666667
5411,70693590.66666667
5412,607485.3333333334
5413,3023122.6666666665
5414,86738367.0
5415,190646865.0
5416,63894436.0
5417,99356671.66666667
5418,7278920.333333333
5419,2806621.0
5420,23044105.666666668
5421,27213058.0
5422,73325108.66666667
5423,407470494.6666667
5424,135821442.0
5425,40607742.0
5426,39119592.666666664
5427,471496.6666666667
5428,839802.6666666666
5429,227915829.66666666
5430,120719477.66666667
5431,32225820.666666668
5432,97133231.66666667
5433,17879762.666666668
5434,52391140.666666664
5435,13579626.666666666
5436,7559562.666666667
5437,77213548.33333333
5438,54716041.333333336
5439,1255146.3333333333
5440,29688670.333333332
5441,3786824.6666666665
5442,322796811.3333333
5443,171692722.0
5444,75365056.0
5445,62851287.333333336
5446,56029715.666666664
5447,44065697.0
5448,9170084.666666666
5449,81769815.0
5450,17857865.333333332
5451,12331260.666666666
5452,215016.66666666666
5453,91875373.66666667
5454,86105848.66666667
5455,36968222.666666664
5456,9436062.333333334
5457,73628392.33333333
5458,2954072.3333333335
5459,19099699.666666668
5460,756501.0
5461,1332440.3333333333
5462,1686349.3333333333
5463,293821777.6666667
5464,4299866.666666667
5465,15772694.666666666
5466,122033981.66666667
5467,72384800.0
5468,164871679.33333334
5469,2637042.0
5470,562355979.0
5471,118086781.0
5472,145127603.66666666
5473,10996744.0
5474,18960260.333333332
5475,38717836.333333336
5476,14498208.0
5477,22423549.0
5478,86106584.66666667
5479,113947077.66666667
5480,40412837.0
5481,4889908.666666667
5482,55035008.0
5483,26016531.666666668
5484,49213441.0
5485,3023122.6666666665
5486,1540262.0
5487,523859074.3333333
5488,29688670.333333332
5489,74916829.66666667
5490,950616.6666666666
5491,146805495.33333334
5492,10029386.0
5493,8411543.333333334
5494,615196.6666666666
5495,5607663.666666667
5496,60349917.0
5497,6341317.333333333
5498,4299866.666666667
5499,46968944.0
5500,24330109.0
5501,9156024.0
5502,4738999.0
5503,70753222.66666667
5504,59908523.0
5505,48698.666666666664
5506,333251058.3333333
5507,26870719.666666668
5508,98569745.66666667
5509,139835010.66666666
5510,16448785.0
5511,10844030.0
5512,93004496.0
5513,1402734.0
5514,35819628.333333336
5515,22085663.0
5516,868200.6666666666
5517,429516957.3333333
5518,23926234.333333332
5519,139835010.66666666
5520,764787.0
5521,60913074.0
5522,157781.66666666666
5523,341027714.0
5524,414208587.6666667
5525,28020953.0
5526,26782494.333333332
5527,2374324.6666666665
5528,72661539.33333333
5529,448607.3333333333
5530,175506485.0
5531,171079.0
5532,25451452.0
5533,79528964.66666667
5534,366835591.0
5535,5266050.666666667
5536,4603959.333333333
5537,20474602.666666668
5538,6664194.666666667
5539,227118964.66666666
5540,57537013.666666664
5541,187600308.0
5542,32994610.0
5543,7445116.333333333
5544,40900942.666666664
5545,431694.3333333333
5546,8610031.666666666
5547,3580631.6666666665
5548,3967861.3333333335
5549,34399700.666666664
5550,118437269.33333333
5551,436715.0
5552,122651516.33333333
5553,67624434.0
5554,9852670.666666666
5555,98974175.33333333
5556,36363185.0
5557,10245223.666666666
5558,538106649.0
5559,5857750.0
5560,2734802.6666666665
5561,24762145.0
5562,88935652.0
5563,263590.3333333333
5564,1474158.6666666667
5565,5210543.333333333
5566,12963913.0
5567,12274699.333333334
5568,16963161.333333332
5569,92273558.0
5570,16158333.333333334
5571,121541738.33333333
5572,2255020.3333333335
5573,135821442.0
5574,9165447.666666666
5575,194402517.33333334
5576,88189416.66666667
5577,62664056.0
5578,68386208.33333333
5579,8004817.333333333
5580,23611381.666666668
5581,16144503.0
5582,33596257.333333336
5583,64020437.0
5584,22526077.0
5585,16114959.666666666
5586,2626185.3333333335
5587,19281137.666666668
5588,77428763.33333333
5589,26906719.333333332
5590,10033257.0
5591,5210543.333333333
5592,6165462.666666667
5593,33036394.0
5594,9116980.333333334
5595,5016666.666666667
5596,225265370.33333334
5597,3694526.0
5598,50585602.0
5599,46459169.333333336
5600,2734802.6666666665
5601,94745328.66666667
5602,82806596.0
5603,31777608.333333332
5604,54167441.333333336
5605,228377794.0
5606,88951789.66666667
5607,15580570.333333334
5608,27821513.0
5609,26928938.0
5610,33780737.666666664
5611,97440946.0
5612,871304798.3333334
5613,10348418.666666666
5614,12421235.333333334
5615,45017893.0
5616,11414500.0
5617,562355979.0
5618,37683552.666666664
5619,10257251.333333334
5620,4889908.666666667
5621,36743555.0
5622,7824728.333333333
5623,22871853.666666668
5624,281106687.3333333
5625,4603959.333333333
5626,52676267.666666664
5627,65938642.666666664
5628,84729390.0
5629,305176688.0
5630,2915307.6666666665
5631,85983828.33333333
5632,24333360.666666668
5633,11168908.666666666
5634,75797033.33333333
5635,73149314.33333333
5636,121085.0
5637,77476047.0
5638,132710815.0
5639,14502191.333333334
5640,1466111.6666666667
5641,44239258.666666664
5642,16926329.666666668
5643,9769374.333333334
5644,330428045.0
5645,100834911.66666667
5646,56666666.666666664
5647,22176738.666666668
5648,77297273.33333333
5649,1745739.6666666667
5650,147563215.0
5651,27603813.0
5652,20593628.0
5653,72661539.33333333
5654,116680880.33333333
5655,8110884.333333333
5656,190054813.0
5657,22211129.0
5658,29963589.0
5659,37376954.0
5660,126980194.0
5661,17390661.666666668
5662,190260876.66666666
5663,24982686.333333332
5664,8316803.666666667
5665,81341987.33333333
5666,68815454.66666667
5667,34725019.333333336
5668,24024419.666666668
5669,2312092.0
5670,293821777.6666667
5671,24881735.333333332
5672,13294107.0
5673,87463152.33333333
5674,2575375.6666666665
5675,7579357.666666667
5676,3188133.3333333335
5677,171518895.0
5678,87841346.0
5679,149928.66666666666
5680,40477844.0
5681,452236521.0
5682,1466111.6666666667
5683,119558762.0
5684,71545864.33333333
5685,1861040.6666666667
5686,1443824.3333333333
5687,105793035.33333333
5688,24671859.666666668
5689,37842038.666666664
5690,5866666.666666667
5691,135050356.66666666
5692,454396448.6666667
5693,16944065.333333332
5694,116680880.33333333
5695,575373.0
5696,108228720.33333333
5697,2322872.3333333335
5698,10029386.0
5699,968587.3333333334
5700,90682122.33333333
5701,26827818.0
5702,44346068.0
5703,49415651.333333336
5704,46459169.333333336
5705,5917683.333333333
5706,2158449.6666666665
5707,69702531.0
5708,31777608.333333332
5709,134632454.33333334
5710,7865078.0
5711,5785203.333333333
5712,249129994.0
5713,53817867.0
5714,1775543.6666666667
5715,9182167.666666666
5716,171079.0
5717,22007881.0
5718,9760192.333333334
5719,39125674.0
5720,52466440.333333336
5721,149239507.66666666
5722,9493299.666666666
5723,68909337.66666667
5724,3313825.6666666665
5725,3341659.0
5726,59464333.333333336
5727,135875373.66666666
5728,93900492.66666667
5729,406228909.0
5730,13361750.0
5731,517376.3333333333
5732,10784291.666666666
5733,20455174.666666668
5734,36388536.0
5735,14836424.0
5736,88039512.66666667
5737,51301103.0
5738,53548519.333333336
5739,26295284.0
5740,10029386.0
5741,167031374.0
5742,99862613.0
5743,38347452.333333336
5744,86875.33333333333
5745,4557921.0
5746,7884749.666666667
5747,5511327.666666667
5748,147631494.0
5749,53689032.0
5750,91487982.0
5751,35299393.0
5752,15908744.666666666
5753,123148325.66666667
5754,22611245.666666668
5755,86969626.66666667
5756,213684000.0
5757,19965253.666666668
5758,332237.0
5759,25918163.0
5760,4676881.333333333
5761,5407.666666666667
5762,112932535.33333333
5763,133576457.33333333
5764,4958313.0
5765,99387496.0
5766,28920699.666666668
5767,35935036.0
5768,50236560.333333336
5769,231067303.0
5770,33896423.666666664
5771,11611780.0
5772,20509574.666666668
5773,353202238.0
5774,144220959.66666666
5775,34623482.333333336
5776,1540262.0
5777,180014151.66666666
5778,138310391.0
5779,643789814.6666666
5780,4407311.333333333
5781,152384297.33333334
5782,35378620.666666664
5783,53081599.0
5784,88.0
5785,138411498.66666666
5786,12758533.666666666
5787,231226676.33333334
5788,132914.0
5789,16453152.666666666
5790,55591584.0
5791,140012173.66666666
5792,19933333.333333332
5793,19190032.0
5794,57323456.666666664
5795,147927163.66666666
5796,25056291.0
5797,34986485.333333336
5798,3132384.3333333335
5799,406228909.0
5800,22592.0
5801,17666666.666666668
5802,3220500.6666666665
5803,587893.6666666666
5804,507897548.6666667
5805,9302480.666666666
5806,1209359.0
5807,19562240.333333332
5808,30263625.0
5809,31647766.0
5810,139604.66666666666
5811,3458762.0
5812,41159064.666666664
5813,57640182.666666664
5814,2624362.0
5815,3884000.0
5816,43516887.0
5817,13537558.666666666
5818,20372137.0
5819,29758005.666666668
5820,8316803.666666667
5821,993268.6666666666
5822,5151636.0
5823,24523984.333333332
5824,9908880.666666666
5825,29839983.666666668
5826,5679662.333333333
5827,674392.6666666666
5828,525868144.6666667
5829,84950434.33333333
5830,36194542.666666664
5831,45418014.666666664
5832,31798082.666666668
5833,99325570.0
5834,2071298.6666666667
5835,5151636.0
5836,70172024.66666667
5837,34195774.333333336
5838,3762119.0
5839,84399029.66666667
5840,7978771.333333333
5841,99356671.66666667
5842,106059880.66666667
5843,19194460.0
5844,2954072.3333333335
5845,16816235.666666668
5846,26379691.666666668
5847,120170466.33333333
5848,111203064.66666667
5849,4098120.0
5850,67068285.666666664
5851,5840657.333333333
5852,49038554.0
5853,234319919.66666666
5854,12165651.333333334
5855,141779048.66666666
5856,35624228.333333336
5857,462073889.0
5858,45977.333333333336
5859,81769815.0
5860,82806596.0
5861,536622.0
5862,3978432.0
5863,133249353.33333333
5864,110322862.33333333
5865,10029386.0
5866,9292312.333333334
5867,13662859.333333334
5868,52269998.333333336
5869,10683951.0
5870,86875.33333333333
5871,51838234.333333336
5872,204388780.66666666
5873,5614817.333333333
5874,1299452.6666666667
5875,59948093.666666664
5876,96612247.66666667
5877,3132384.3333333335
5878,126258616.66666667
5879,4449885.333333333
5880,75286791.66666667
5881,73149314.33333333
5882,276063886.3333333
5883,2320568.3333333335
5884,11123248.0
5885,5049885.0
5886,8756562.0
5887,58843010.666666664
5888,15757187.333333334
5889,1856248.6666666667
5890,40427665.666666664
5891,71309346.0
5892,8565253.666666666
5893,4738999.0
5894,77705304.66666667
5895,26733101.0
5896,113781476.0
5897,3084337.3333333335
5898,32348743.0
5899,6158333.666666667
5900,12990904.0
5901,124970.33333333333
5902,22667106.666666668
5903,160553158.66666666
5904,71169453.33333333
5905,74945164.66666667
5906,75629371.33333333
5907,3172072.0
5908,38664945.666666664
5909,33104074.0
5910,71956450.66666667
5911,22618816.0
5912,353202238.0
5913,173551669.66666666
5914,18091621.666666668
5915,29139173.333333332
5916,52391140.666666664
5917,238607651.66666666
5918,189746514.0
5919,155221609.0
5920,15640216.666666666
5921,70488382.33333333
5922,24982686.333333332
5923,47318037.0
5924,30436858.333333332
5925,565477035.0
5926,14793287.666666666
5927,3249373.0
5928,76684280.0
5929,1732545.6666666667
5930,33197996.666666668
5931,78768493.0
5932,9508813.0
5933,50235096.333333336
5934,186735150.0
5935,125363617.33333333
5936,154464250.66666666
5937,1335195.6666666667
5938,14791896.0
5939,3968067.0
5940,335850881.3333333
5941,27278908.333333332
5942,69702531.0
5943,9163222.666666666
5944,55766135.666666664
5945,24488.0
5946,970888.3333333334
5947,1245736.3333333333
5948,61741833.0
5949,7110843.333333333
5950,187820543.66666666
5951,14069249.0
5952,2984135.3333333335
5953,152384297.33333334
5954,11335900.0
5955,96505856.33333333
5956,138411498.66666666
5957,77057656.0
5958,202352106.66666666
5959,4123234.6666666665
5960,75755637.33333333
5961,50555535.0
5962,14554487.666666666
5963,128170876.66666667
5964,115551141.33333333
5965,56341845.333333336
5966,59351020.666666664
5967,234555614.66666666
5968,114025396.33333333
5969,77213548.33333333
5970,61429578.0
5971,30840874.0
5972,50585602.0
5973,143402477.33333334
5974,32994610.0
5975,16935463.0
5976,658545.6666666666
5977,10225141.333333334
5978,927104567.3333334
5979,5247552.666666667
5980,265231776.33333334
5981,16541019.666666666
5982,176029799.33333334
5983,651126.0
5984,81688222.33333333
5985,73325108.66666667
5986,4139907.6666666665
5987,5808469.333333333
5988,53523386.333333336
5989,191062.66666666666
5990,202352106.66666666
5991,4884192.333333333
5992,25943282.333333332
5993,62939102.666666664
5994,171079.0
5995,87463152.33333333
5996,29243570.333333332
5997,28020953.0
5998,54320466.0
5999,1174948.3333333333
6000,12050338.666666666
6001,8887439.666666666
6002,8969047.0
6003,190054813.0
6004,21961512.0
6005,674583.0
6006,27054099.333333332
6007,24024419.666666668
6008,8344197.333333333
6009,175316890.33333334
6010,135821442.0
6011,54769394.333333336
6012,33436950.666666668
6013,159989221.0
6014,9295900.333333334
6015,6195218.666666667
6016,44684312.666666664
6017,3172238.3333333335
6018,30057666.0
6019,5987316.0
6020,7527636.0
6021,14304237.0
6022,5413965.0
6023,54634618.0
6024,1199324.3333333333
6025,11365950.0
6026,161844482.33333334
6027,11605290.0
6028,32718080.333333332
6029,14404097.666666666
6030,206165069.0
6031,154649019.0
6032,615196.6666666666
6033,83288526.0
6034,13613843.333333334
6035,598165942.6666666
6036,1237725.0
6037,9802479.333333334
6038,139604.66666666666
6039,5266050.666666667
6040,62939102.666666664
6041,110393145.66666667
6042,90860.33333333333
6043,121091723.0
6044,8969047.0
6045,23837441.666666668
6046,587893.6666666666
6047,37172942.0
6048,10379530.666666666
6049,1787574.3333333333
6050,134879.33333333334
6051,14722669.333333334
6052,37300799.333333336
6053,1192446.6666666667
6054,33634522.333333336
6055,28588383.333333332
6056,54499250.333333336
6057,12352896.333333334
6058,72196005.66666667
6059,89607495.66666667
6060,16494122.0
6061,91339100.0
6062,8787745.333333334
6063,200552046.0
6064,9521067.333333334
6065,39299817.0
6066,95844762.66666667
6067,79957828.66666667
6068,4139907.6666666665
6069,103086194.33333333
6070,119515669.33333333
6071,13520033.666666666
6072,29301805.333333332
6073,19250000.0
6074,9409552.0
6075,1585045.3333333333
6076,55839632.333333336
6077,551087.6666666666
6078,168387909.33333334
6079,210596526.33333334
6080,15908744.666666666
6081,500000.0
6082,1789697.0
6083,98660799.0
6084,72321815.0
6085,32032812.666666668
6086,10889355.666666666
6087,39227816.0
6088,10552713.0
6089,8344197.333333333
6090,246874974.0
6091,7334627.0
6092,15668839.666666666
6093,28845995.0
6094,124867540.0
6095,97204868.66666667
6096,15734733.666666666
6097,41173291.333333336
6098,35584360.333333336
6099,22128961.0
6100,50943932.0
6101,156683939.66666666
6102,71169453.33333333
6103,108032924.66666667
6104,50113013.666666664
6105,48698519.0
6106,2105625.0
6107,54827.0
6108,97440946.0
6109,78883929.0
6110,60352193.333333336
6111,16357363.333333334
6112,512661.6666666667
6113,64313405.333333336
6114,68168041.33333333
6115,161844482.33333334
6116,134879.33333333334
6117,10815333.333333334
6118,67285146.33333333
6119,47259313.666666664
6120,26002277.666666668
6121,603862.3333333334
6122,231226676.33333334
6123,500000.0
6124,395278.0
6125,28484664.666666668
6126,65276340.666666664
6127,3989430.6666666665
6128,338245776.6666667
6129,5546470.666666667
6130,1414223.0
6131,18687096.666666668
6132,2322872.3333333335
6133,24359509.666666668
6134,67624434.0
6135,49714256.333333336
6136,219303175.0
6137,95815909.66666667
6138,11063241.666666666
6139,803326496.0
6140,4164157.6666666665
6141,46080124.666666664
6142,2135625.0
6143,2480593.6666666665
6144,24123942.0
6145,46813117.333333336
6146,33188492.666666668
6147,88867985.33333333
6148,34623482.333333336
6149,54792994.333333336
6150,190054813.0
6151,8210073.333333333
6152,224473874.33333334
6153,36221437.333333336
6154,5151636.0
6155,202352106.66666666
6156,5746304.333333333
6157,57686237.0
6158,75219070.33333333
6159,24330109.0
6160,2365946.6666666665
6161,23579726.0
6162,3728765.6666666665
6163,17148048.333333332
6164,4164157.6666666665
6165,55440273.666666664
6166,31312767.333333332
6167,81968736.66666667
6168,56737089.666666664
6169,55437572.666666664
6170,7080822.0
6171,10029386.0
6172,49038554.0
6173,4857509.333333333
6174,43446298.666666664
6175,35150292.333333336
6176,79257465.33333333
6177,49792364.333333336
6178,2096846.6666666667
6179,162362384.0
6180,78134379.66666667
6181,26861287.0
6182,62217336.333333336
6183,5005609.0
6184,431767271.6666667
6185,4471936.0
6186,37172942.0
6187,7845055.666666667
6188,42861369.666666664
6189,116814822.0
6190,116049079.0
6191,21162397.333333332
6192,123223508.66666667
6193,168177491.0
6194,50589403.0
6195,10126901.0
6196,5255499.666666667
6197,15145465.0
6198,141534402.66666666
6199,525554597.3333333
6200,5735395.333333333
6201,40762590.666666664
6202,133820855.66666667
6203,110322862.33333333
6204,24024419.666666668
6205,6539795.0
6206,81769815.0
6207,44077390.0
6208,32334607.333333332
6209,2322872.3333333335
6210,5047229.333333333
6211,81492189.33333333
6212,20804442.666666668
6213,134129017.0
6214,81968736.66666667
6215,2252965.6666666665
6216,16524968.666666666
6217,1155447.0
6218,1088988.0
6219,40911954.0
6220,9110134.666666666
6221,12990904.0
6222,54614299.666666664
6223,16855682.333333332
6224,15770143.0
6225,71072819.33333333
6226,1775543.6666666667
6227,29989076.333333332
6228,1382336.0
6229,4603959.333333333
6230,1875563.6666666667
6231,76253287.0
6232,395278.0
6233,187896362.0
6234,28920925.666666668
6235,41397005.333333336
6236,21619788.333333332
6237,22664100.333333332
6238,4853954.333333333
6239,91574035.66666667
6240,140816120.66666666
6241,13520033.666666666
6242,31777608.333333332
6243,8199836.333333333
6244,52281295.333333336
6245,17405193.333333332
6246,13133333.333333334
6247,387658096.3333333
6248,4531232.666666667
6249,3947832.0
6250,61107676.666666664
6251,95471158.33333333
6252,48442678.333333336
6253,29211457.0
6254,198284987.66666666
6255,20652001.0
6256,3895552.6666666665
6257,61104240.333333336
6258,7334627.0
6259,9191280.0
6260,8616135.333333334
6261,77705304.66666667
6262,18708770.666666668
6263,51857323.333333336
6264,10083099.333333334
6265,8529056.333333334
6266,77476047.0
6267,93835080.0
6268,1402734.0
6269,333251058.3333333
6270,83919552.0
6271,313433267.0
6272,21911962.666666668
6273,74866762.66666667
6274,209933998.0
6275,55548899.333333336
6276,9292312.333333334
6277,61056605.333333336
6278,4090235.6666666665
6279,56262529.333333336
6280,5663519.333333333
6281,1963164.0
6282,272918117.6666667
6283,27339595.333333332
6284,181215868.66666666
6285,172121784.0
6286,434795.6666666667
6287,11009703.0
6288,159989221.0
6289,195151397.33333334
6290,177471.33333333334
6291,67624434.0
6292,142127256.66666666
6293,106199276.0
6294,3815690.6666666665
6295,209520016.66666666
6296,4160681.6666666665
6297,24524269.666666668
6298,4299866.666666667
6299,3762119.0
6300,6337546.333333333
6301,55285783.333333336
6302,4350587.666666667
6303,12002996.666666666
6304,3422411.0
6305,250849667.0
6306,35893907.666666664
6307,763868.0
6308,25122463.666666668
6309,9521067.333333334
6310,45427140.0
6311,86377.33333333333
6312,22618816.0
6313,88189416.66666667
6314,102804779.66666667
6315,8610031.666666666
6316,50719474.666666664
6317,322796811.3333333
6318,111899274.33333333
6319,54916136.666666664
6320,48698.666666666664
6321,186108833.33333334
6322,18290177.666666668
6323,56539849.0
6324,200357.66666666666
6325,71890049.66666667
6326,2133112.0
6327,48563622.0
6328,76906221.0
6329,13883800.0
6330,1460940.3333333333
6331,99356671.66666667
6332,9727796.0
6333,9777006.666666666
6334,14722669.333333334
6335,106059880.66666667
6336,60700000.0
6337,128832003.33333333
6338,3134101.0
6339,7692052.666666667
6340,332237.0
6341,2506898.0
6342,20372137.0
6343,61413552.333333336
6344,122108188.0
6345,56497048.333333336
6346,95104290.66666667
6347,83502678.66666667
6348,52455103.0
6349,32602560.666666668
6350,2506898.0
6351,168101214.33333334
6352,95815909.66666667
6353,14793287.666666666
6354,2322872.3333333335
6355,126524.33333333333
6356,9432696.666666666
6357,22011333.333333332
6358,24024419.666666668
6359,984836.3333333334
6360,1022158.6666666666
6361,163481221.66666666
6362,945430.3333333334
6363,3081254.3333333335
6364,8242390.0
6365,195151397.33333334
6366,10882000.0
6367,17231046.666666668
6368,55548899.333333336
6369,14757084.666666666
6370,407470494.6666667
6371,9182167.666666666
6372,97991798.0
6373,3822640.0
6374,9216851.666666666
6375,100269510.66666667
6376,13435384.333333334
6377,4917949.333333333
6378,24011378.333333332
6379,293913532.6666667
6380,127095050.66666667
6381,304433606.0
6382,99997331.66666667
6383,56873520.666666664
6384,88921110.66666667
6385,4853954.333333333
6386,330428045.0
6387,9116980.333333334
6388,14863935.0
6389,31643654.666666668
6390,187273551.0
6391,1003738.3333333334
6392,48052445.333333336
6393,61177744.333333336
6394,381289653.3333333
6395,121085.0
6396,86875.33333333333
6397,7296666.666666667
6398,25479678.333333332
6399,2651343.3333333335
6400,17301843.666666668
6401,33634522.333333336
6402,20312531.0
6403,7474003.0
6404,12164421.666666666
6405,9521067.333333334
6406,12020480.333333334
6407,2252965.6666666665
6408,41697320.333333336
6409,91186894.33333333
6410,8992408.666666666
6411,332237.0
6412,15946372.333333334
6413,29515519.333333332
6414,214751083.0
6415,693670.3333333334
6416,1876319.3333333333
6417,167874540.0
6418,127087660.66666667
6419,35434528.0
6420,27913612.333333332
6421,19625662.333333332
6422,224034.0
6423,14502191.333333334
6424,38108330.333333336
6425,19726940.666666668
6426,395278.0
6427,1585080.6666666667
6428,14354346.0
6429,46245708.0
6430,38392385.0
6431,116059333.66666667
6432,169680125.33333334
6433,121409892.33333333
6434,40442335.666666664
6435,154297184.33333334
6436,20253679.666666668
6437,2492258.0
6438,37842038.666666664
6439,41963884.333333336
6440,90131633.66666667
6441,9204972.666666666
6442,395278.0
6443,1169313.3333333333
6444,2596610.6666666665
6445,175380935.66666666
6446,260360713.33333334
6447,1778696.0
6448,24024419.666666668
6449,23101663.0
6450,12596249.333333334
6451,6879159.0
6452,159880148.33333334
6453,68168041.33333333
6454,13595493.0
6455,33088662.333333332
6456,37396204.0
6457,126258616.66666667
6458,14722669.333333334
6459,37981700.0
6460,119287928.0
6461,140012173.66666666
6462,198316973.33333334
6463,221169.66666666666
6464,62551655.666666664
6465,18026061.666666668
6466,11579666.666666666
6467,4014297.3333333335
6468,1308680.3333333333
6469,52378321.666666664
6470,1312441.0
6471,1223780.3333333333
6472,15118330.333333334
6473,25912512.0
6474,19579150.666666668
6475,7678997.0
6476,225265370.33333334
6477,122651516.33333333
6478,3968067.0
6479,159989221.0
6480,88039512.66666667
6481,159902949.33333334
6482,3493000.0
6483,3946736.6666666665
6484,226772525.0
6485,30283886.666666668
6486,11095.333333333334
6487,79052953.0
6488,43587308.666666664
6489,139604.66666666666
6490,7579357.666666667
6491,26016531.666666668
6492,9481380.666666666
6493,3720279.6666666665
6494,64972321.333333336
6495,52246886.0
6496,206165069.0
6497,32718080.333333332
6498,43593614.333333336
6499,20248343.333333332
6500,14678899.666666666
6501,1003738.3333333334
6502,82806596.0
6503,27405945.0
6504,11900080.333333334
6505,36174000.333333336
6506,1501200.6666666667
6507,3708187.0
6508,39559098.666666664
6509,11056713.333333334
6510,5055106.0
6511,34067224.0
6512,2104134.0
6513,17716114.0
6514,9266865.333333334
6515,170448085.66666666
6516,50250794.0
6517,26741534.666666668
6518,3947832.0
6519,61782757.333333336
6520,3132384.3333333335
6521,419611441.3333333
6522,160530257.66666666
6523,47551118.666666664
6524,14333507.666666666
6525,49792364.333333336
6526,211002403.66666666
6527,2265884.0
6528,37103645.0
6529,11593920.0
6530,86969626.66666667
6531,9802479.333333334
6532,34750996.333333336
6533,4676881.333333333
6534,871304798.3333334
6535,8211696.0
6536,22637025.0
6537,220568909.66666666
6538,27389450.666666668
6539,121853033.0
6540,187763142.33333334
6541,137952594.33333334
6542,8411543.333333334
6543,220086.0
6544,15408027.666666666
6545,43414068.0
6546,155429449.33333334
6547,36221437.333333336
6548,17911273.333333332
6549,130847904.0
6550,35150292.333333336
6551,54103124.666666664
6552,24711147.333333332
6553,111668.33333333333
6554,27517809.333333332
6555,2694604.6666666665
6556,24618764.0
6557,83913183.33333333
6558,89790389.66666667
6559,168814211.0
6560,176029799.33333334
6561,5105337.333333333
6562,17194988.666666668
6563,14782203.666666666
6564,75129510.66666667
6565,48035122.0
6566,52647932.0
6567,2248556.6666666665
6568,4026676.0
6569,2905030.0
6570,82803544.66666667
6571,4590816.333333333
6572,14706857.333333334
6573,52112009.333333336
6574,77751632.0
6575,91278.0
6576,18121214.0
6577,4448696.333333333
6578,89864772.33333333
6579,36992453.666666664
6580,224034.0
6581,102074948.0
6582,3202150.6666666665
6583,7474003.0
6584,191062.66666666666
6585,102094275.33333333
6586,49670389.666666664
6587,3768807.3333333335
6588,12380492.333333334
6589,61920804.0
6590,166543594.0
6591,84314350.33333333
6592,211062966.66666666
6593,47038335.333333336
6594,12874300.666666666
6595,342183.0
6596,101824764.33333333
6597,30840874.0
6598,31718543.0
6599,26080631.666666668
6600,79257465.33333333
6601,118782113.66666667
6602,210596526.33333334
6603,98425454.0
6604,12314520.666666666
6605,61104240.333333336
6606,674583.0
6607,74961280.66666667
6608,111668.33333333333
6609,1841330.0
6610,10816107.666666666
6611,5181667.0
6612,737636183.3333334
6613,40201117.0
6614,339177268.3333333
6615,62551655.666666664
6616,117884444.66666667
6617,42716961.666666664
6618,18768469.0
6619,1732642.0
6620,4175015.6666666665
6621,16158333.333333334
6622,99301075.0
6623,191263745.33333334
6624,124049807.33333333
6625,124259134.0
6626,39953746.333333336
6627,27553679.333333332
6628,450316.0
6629,16921941.666666668
6630,10281656.0
6631,20372137.0
6632,2255020.3333333335
6633,4623329.0
6634,13575119.333333334
6635,2131047.3333333335
6636,64361247.333333336
6637,64331208.666666664
6638,88.0
6639,2456954.3333333335
6640,11308575.666666666
6641,155553060.66666666
6642,148358281.33333334
6643,242333.0
6644,277722.3333333333
6645,43879437.666666664
6646,5088744.0
6647,1928538.6666666667
6648,276141324.6666667
6649,34872288.333333336
6650,7257922.666666667
6651,24524269.666666668
6652,3314864.0
6653,22007881.0
6654,146776885.33333334
6655,6730515.333333333
6656,52676267.666666664
6657,98872263.0
6658,16110460.333333334
6659,1341466.6666666667
6660,14644930.666666666
6661,3220500.6666666665
6662,25744813.666666668
6663,423848226.6666667
6664,1441737.6666666667
6665,1245736.3333333333
6666,7984815.666666667
6667,65652486.333333336
6668,29532214.666666668
6669,26741534.666666668
6670,5407.666666666667
6671,74002658.33333333
6672,11774171.666666666
6673,78284022.66666667
6674,116493568.66666667
6675,104074322.0
6676,9727796.0
6677,3132384.3333333335
6678,9191280.0
6679,345461946.0
6680,39771938.333333336
6681,713841154.0
6682,17301843.666666668
6683,173551669.66666666
6684,2512986.3333333335
6685,5519856.333333333
6686,1574855.0
6687,123023302.0
6688,40903737.333333336
6689,110619300.0
6690,131354526.0
6691,1700110.0
6692,484764474.0
6693,54129468.666666664
6694,92358628.0
6695,23101663.0
6696,59341217.666666664
6697,22618816.0
6698,81688222.33333333
6699,429516957.3333333
6700,121655401.0
6701,84729390.0
6702,77848101.66666667
6703,8855117.333333334
6704,10225141.333333334
6705,66378980.0
6706,29641920.0
6707,64428550.0
6708,11402570.333333334
6709,149928.66666666666
6710,140785303.66666666
6711,20947565.666666668
6712,234752760.66666666
6713,10281656.0
6714,3762119.0
6715,7080822.0
6716,22916014.666666668
6717,337885655.3333333
6718,12457688.666666666
6719,2872152.3333333335
6720,887324.6666666666
6721,77195474.0
6722,9784937.333333334
6723,205327510.33333334
6724,3991804.0
6725,4603959.333333333
6726,134135213.0
6727,2492258.0
6728,20914688.0
6729,14000000.0
6730,41281264.333333336
6731,1382336.0
6732,289775.3333333333
6733,40090480.0
6734,6020834.0
6735,195316899.66666666
6736,970888.3333333334
6737,4095846.0
6738,21492402.666666668
6739,6007957.333333333
6740,242333.0
6741,1223780.3333333333
6742,99356671.66666667
6743,30209377.666666668
6744,1117489.0
6745,1501200.6666666667
6746,44077390.0
6747,53055289.666666664
6748,2686119.3333333335
6749,3453083.3333333335
6750,139604.66666666666
6751,23861301.666666668
6752,213276193.66666666
6753,12251416.333333334
6754,45683519.333333336
6755,7927756.0
6756,147423813.0
6757,48087713.0
6758,33645037.0
6759,142811613.66666666
6760,20520334.333333332
6761,11371954.666666666
6762,5151636.0
6763,13458061.666666666
6764,5360425.666666667
6765,159989221.0
6766,431694.3333333333
6767,49644362.333333336
6768,221174062.0
6769,20097591.0
6770,125203681.33333333
6771,5866666.666666667
6772,4164157.6666666665
6773,46934624.0
6774,91748658.66666667
6775,219303175.0
6776,4408262.333333333
6777,43444553.333333336
6778,73628392.33333333
6779,776425.3333333334
6780,83193909.33333333
6781,10771106.666666666
6782,317858292.0
6783,121619421.66666667
6784,191062.66666666666
6785,49213207.333333336
6786,5987316.0
6787,3989430.6666666665
6788,38321332.333333336
6789,30840874.0
6790,16042195.0
6791,61782757.333333336
6792,337885655.3333333
6793,106472813.66666667
6794,69393856.33333333
6795,27050211.0
6796,871304798.3333334
6797,41958669.0
6798,35319300.666666664
6799,8973147.666666666
6800,108055268.0
6801,12800456.333333334
6802,10425554.333333334
6803,96336055.33333333
6804,25411583.0
6805,42163050.333333336
6806,4706038.666666667
6807,75697337.0
6808,3220500.6666666665
6809,85557296.0
6810,8316803.666666667
6811,71061948.33333333
6812,37358795.666666664
6813,35744646.0
6814,1005706.6666666666
6815,7840666.666666667
6816,4448675.0
6817,177471.33333333334
6818,111668.33333333333
6819,26137674.666666668
6820,21993877.333333332
6821,6353105.666666667
6822,151781897.66666666
6823,73909492.33333333
6824,313433267.0
6825,154507023.33333334
6826,46165062.333333336
6827,7030976.0
6828,3550170.6666666665
6829,990400.6666666666
6830,13856204.333333334
6831,37243443.0
6832,70202939.66666667
6833,44378938.666666664
6834,2578346.6666666665
6835,88665589.0
6836,5060728.666666667
6837,166934398.66666666
6838,2180262.6666666665
6839,10915447.666666666
6840,2930499.3333333335
6841,11935578.666666666
6842,7455283.0
6843,4840616.0
6844,72812814.33333333
6845,3857120.3333333335
6846,109923299.33333333
6847,15668839.666666666
6848,17196434.0
6849,15734733.666666666
6850,51801457.666666664
6851,192813184.33333334
6852,11309279.0
6853,13579626.666666666
6854,9889825.333333334
6855,37972920.0
6856,7278920.333333333
6857,6097938.666666667
6858,461117.3333333333
6859,49195065.666666664
6860,24793558.333333332
6861,47273130.666666664
6862,15770143.0
6863,253349919.66666666
6864,5751834.333333333
6865,4178633.6666666665
6866,140816120.66666666
6867,23420302.0
6868,677061256.3333334
6869,44825891.666666664
6870,221169.66666666666
6871,46372956.0
6872,6539795.0
6873,22179052.666666668
6874,20916091.333333332
6875,3109156.0
6876,16577473.333333334
6877,36166666.666666664
6878,134879.33333333334
6879,17160709.333333332
6880,688295.6666666666
6881,5308437.0
6882,13634454.333333334
6883,37904021.0
6884,29963589.0
6885,6425458.333333333
6886,3946736.6666666665
6887,53263313.666666664
6888,28261510.333333332
6889,8643001.333333334
6890,1209359.0
6891,111899274.33333333
6892,91748658.66666667
6893,102197794.66666667
6894,21542180.333333332
6895,50416722.0
6896,130025.33333333333
6897,607485.3333333334
6898,17501353.666666668
6899,10998217.0
6900,81769815.0
6901,46254850.666666664
6902,1745739.6666666667
6903,76221129.0
6904,61545307.666666664
6905,53081599.0
6906,172887451.66666666
6907,11646594.666666666
6908,7845055.666666667
6909,1789417.3333333333
6910,17110072.0
6911,20097591.0
6912,7318025.333333333
6913,660443053.3333334
6914,346700389.6666667
6915,15830167.333333334
6916,47640247.333333336
6917,313580357.3333333
6918,88935652.0
6919,1780298.0
6920,121541738.33333333
6921,407976353.6666667
6922,21882000.333333332
6923,39953746.333333336
6924,31777608.333333332
6925,12553405.333333334
6926,9620088.666666666
6927,2882862.6666666665
6928,30644197.0
6929,101694456.0
6930,135875373.66666666
6931,47640247.333333336
6932,35073124.0
6933,970888.3333333334
6934,65280344.333333336
6935,3391714.0
6936,38157354.666666664
6937,335761423.6666667
6938,3341362.6666666665
6939,5368520.666666667
6940,197641213.0
6941,100046198.0
6942,52112009.333333336
6943,4394000.0
6944,65048354.333333336
6945,26727126.666666668
6946,108759451.0
6947,8217312.0
6948,5375736.333333333
6949,79749598.33333333
6950,293821777.6666667
6951,699729.3333333334
6952,3734912.6666666665
6953,14390527.0
6954,12068591.333333334
6955,53718759.333333336
6956,9533973.666666666
6957,19099699.666666668
6958,788602.0
6959,1760083.0
6960,45552732.0
6961,99752223.33333333
6962,65462191.0
6963,7426746.666666667
6964,76840058.33333333
6965,13196619.333333334
6966,47455028.0
6967,162367152.33333334
6968,1384996.0
6969,4676881.333333333
6970,23101663.0
6971,71122943.66666667
6972,925798.3333333334
6973,44684312.666666664
6974,59587276.333333336
6975,6177392.333333333
6976,26115379.0
6977,1875563.6666666667
6978,1003738.3333333334
6979,24913270.0
6980,26373413.333333332
6981,1341466.6666666667
6982,58033828.666666664
6983,31959004.333333332
6984,61104240.333333336
6985,211002403.66666666
6986,33088662.333333332
6987,3950679.3333333335
6988,5979189.0
6989,8567166.333333334
6990,366835591.0
6991,3172072.0
6992,32994610.0
6993,2905030.0
6994,448607.3333333333
6995,52119006.0
6996,81769815.0
6997,1063577.0
6998,27405179.333333332
6999,91574035.66666667
7000,325303.6666666667
7001,77776058.66666667
7002,664167.3333333334
7003,36078396.0
7004,81644699.0
7005,14867871.666666666
7006,1734673.3333333333
7007,11775729.333333334
7008,79052953.0
7009,17123398.0
7010,21855670.0
7011,844762.3333333334
7012,14929995.666666666
7013,2485743.0
7014,5079895.333333333
7015,121655401.0
7016,264434472.33333334
7017,11333333.333333334
7018,11063241.666666666
7019,86969626.66666667
7020,46144236.0
7021,40090480.0
7022,8503733.333333334
7023,78614290.33333333
7024,8670745.333333334
7025,3023122.6666666665
7026,120986364.66666667
7027,181215868.66666666
7028,32809329.666666668
7029,12893659.666666666
7030,47284690.666666664
7031,70415066.33333333
7032,23282165.0
7033,22667106.666666668
7034,11903278.666666666
7035,12020480.333333334
7036,101317403.66666667
7037,3109156.0
7038,11903278.666666666
7039,90768146.0
7040,6557180.666666667
7041,60545880.0
7042,41154221.333333336
7043,14929995.666666666
7044,37566887.333333336
7045,40764107.666666664
7046,130207313.66666667
7047,143996527.66666666
7048,775438.3333333334
7049,82085613.33333333
7050,1216365.6666666667
7051,1439446.3333333333
7052,162381627.33333334
7053,2037966.3333333333
7054,54129468.666666664
7055,61741833.0
7056,169749989.66666666
7057,768104.3333333334
7058,15853681.333333334
7059,49651692.0
7060,12800006.666666666
7061,13016039.666666666
7062,34311719.666666664
7063,73804.33333333333
7064,69703325.0
7065,55285783.333333336
7066,5857750.0
7067,11095.333333333334
7068,58905902.666666664
7069,7579357.666666667
7070,224854393.33333334
7071,187896362.0
7072,674583.0
7073,146525787.66666666
7074,10168226.666666666
7075,56633195.333333336
7076,40347519.333333336
7077,62074385.333333336
7078,70565615.66666667
7079,25122463.666666668
7080,3351834.3333333335
7081,12587094.333333334
7082,78040.33333333333
7083,1341466.6666666667
7084,22212997.333333332
7085,7238234.333333333
7086,31777608.333333332
7087,227638232.66666666
7088,20823907.666666668
7089,6700887.333333333
7090,2361618.6666666665
7091,29521795.0
7092,99545201.0
7093,17864661.666666668
7094,65925661.666666664
7095,2492258.0
7096,6572340.333333333
7097,173551669.66666666
7098,103207981.66666667
7099,50917866.333333336
7100,10889355.666666666
7101,59908523.0
7102,1331796.6666666667
7103,3023122.6666666665
7104,9530549.666666666
7105,62306911.0
7106,34608549.333333336
7107,75838942.33333333
7108,1003738.3333333334
7109,11851709.0
7110,34792491.0
7111,27397523.666666668
7112,51838234.333333336
7113,49033999.333333336
7114,19459921.333333332
7115,20278238.0
7116,1778696.0
7117,54827.0
7118,22637025.0
7119,58539832.0
7120,21724.0
7121,41669534.666666664
7122,989356.6666666666
7123,3172072.0
7124,543340567.3333334
7125,10147787.0
7126,253974590.33333334
7127,183946973.66666666
7128,133484255.0
7129,17283251.333333332
7130,13301606.666666666
7131,1093167.3333333333
7132,115191303.66666667
7133,171446377.0
7134,22676769.666666668
7135,61093274.333333336
7136,127284783.0
7137,54916136.666666664
7138,13435384.333333334
7139,2546798.3333333335
7140,405037411.6666667
7141,14867871.666666666
7142,81769815.0
7143,28033333.333333332
7144,3487705.0
7145,72896108.66666667
7146,7841442.333333333
7147,21993877.333333332
7148,10241339.666666666
7149,23747433.666666668
7150,1267493.0
7151,11365325.333333334
7152,117787856.33333333
7153,10422862.333333334
7154,35819628.333333336
7155,335761423.6666667
7156,77213548.33333333
7157,43494205.333333336
7158,16730709.666666666
7159,866030.3333333334
7160,2891270.6666666665
7161,80255665.33333333
7162,224944818.0
7163,47531696.333333336
7164,1306999.0
7165,220725570.0
7166,35800005.666666664
7167,9354187.666666666
7168,9727796.0
7169,2651343.3333333335
7170,83091783.0
7171,5775583.333333333
7172,14183382.333333334
7173,7474003.0
7174,11713415.666666666
7175,812862.6666666666
7176,9532219.0
7177,120170466.33333333
7178,16893556.666666668
7179,63958831.0
7180,824129.3333333334
7181,17799106.333333332
7182,17807745.666666668
7183,90860.33333333333
7184,743690561.6666666
7185,13613843.333333334
7186,18812765.666666668
7187,42613836.666666664
7188,33276342.0
7189,15931692.0
7190,8729647.333333334
7191,272904.3333333333
7192,27762551.0
7193,9432696.666666666
7194,163474759.66666666
7195,36621142.333333336
7196,27341151.333333332
7197,16698837.666666666
7198,6757705.333333333
7199,5047628.666666667
7200,104166145.66666667
7201,6598022.0
7202,24881735.333333332
7203,3356962.0
7204,46986890.666666664
7205,465415455.0
7206,112362439.33333333
7207,175506485.0
7208,51974681.666666664
7209,16725302.666666666
7210,526729.0
7211,16730709.666666666
7212,6572340.333333333
7213,77571889.66666667
7214,335761423.6666667
7215,70913241.66666667
7216,162367152.33333334
7217,277722.3333333333
7218,35276537.0
7219,52112009.333333336
7220,55830978.666666664
7221,43455349.666666664
7222,40090480.0
7223,20278238.0
7224,3880706.6666666665
7225,244162.66666666666
7226,31008832.333333332
7227,58025293.666666664
7228,11161875.0
7229,16628210.666666666
7230,788602.0
7231,24359509.666666668
7232,219303175.0
7233,168177491.0
7234,221490789.0
7235,36999096.333333336
7236,213276193.66666666
7237,33273953.666666668
7238,27952149.333333332
7239,474973992.0
7240,89044905.0
7241,152004837.0
7242,38297771.0
7243,17909793.666666668
7244,11368199.666666666
7245,1102545.3333333333
7246,938597.0
7247,97055710.33333333
7248,104693937.33333333
7249,3172238.3333333335
7250,1817344.0
7251,62528091.0
7252,11365325.333333334
7253,71118396.66666667
7254,24464605.333333332
7255,2963110.6666666665
7256,34994326.666666664
7257,104240868.66666667
7258,57658964.0
7259,23825891.666666668
7260,587893.6666666666
7261,330428045.0
7262,4139907.6666666665
7263,36119529.666666664
7264,6715382.0
7265,5158220.0
7266,78614290.33333333
7267,4698933.666666667
7268,2104134.0
7269,141173544.66666666
7270,213315404.0
7271,5407.666666666667
7272,38092412.0
7273,10281656.0
7274,30132371.0
7275,6549603.333333333
7276,8076867.666666667
7277,88281385.0
7278,171470742.33333334
7279,123867630.66666667
7280,92360186.66666667
7281,46365969.0
7282,171692722.0
7283,108055268.0
7284,7080822.0
7285,56565103.333333336
7286,139018163.0
7287,3895552.6666666665
7288,10154765.666666666
7289,202352106.66666666
7290,15935719.666666666
7291,16448785.0
7292,1700110.0
7293,21619788.333333332
7294,15334353.666666666
7295,85972666.66666667
7296,9559494.333333334
7297,53263313.666666664
7298,7668139.0
7299,77776058.66666667
7300,1578644.3333333333
7301,14210108.0
7302,2506898.0
7303,2167947.3333333335
7304,47318037.0
7305,33634522.333333336
7306,462073889.0
7307,1856248.6666666667
7308,83727.0
7309,23792165.666666668
7310,7257922.666666667
7311,24455905.0
7312,87044768.66666667
7313,208385117.0
7314,2529366.3333333335
7315,25137779.333333332
7316,11414500.0
7317,26911618.333333332
7318,113815122.66666667
7319,4169864.6666666665
7320,95696400.0
7321,25411583.0
7322,22718156.666666668
7323,23538739.0
7324,133484255.0
7325,110393145.66666667
7326,177526791.33333334
7327,10281656.0
7328,56997024.0
7329,82806596.0
7330,255646951.66666666
7331,81769815.0
7332,152685271.0
7333,35797974.333333336
7334,80296893.33333333
7335,83337888.33333333
7336,7764696.333333333
7337,40344341.666666664
7338,85800754.66666667
7339,75697337.0
7340,1486687.6666666667
7341,2322872.3333333335
7342,117928589.0
7343,2495506.6666666665
7344,4603959.333333333
7345,9984403.666666666
7346,12146646.0
7347,7445868.666666667
7348,2676418.0
7349,181215868.66666666
7350,19346833.0
7351,97672314.0
7352,157781.66666666666
7353,10051998.333333334
7354,2322872.3333333335
7355,51109705.0
7356,9530549.666666666
7357,22602463.333333332
7358,2924612.6666666665
7359,69098758.0
7360,16144503.0
7361,242333.0
7362,85415100.33333333
7363,387658096.3333333
7364,3071273.3333333335
7365,35584360.333333336
7366,57072845.666666664
7367,28533809.0
7368,8679007.0
7369,24523984.333333332
7370,37277576.0
7371,1875563.6666666667
7372,61093274.333333336
7373,730353064.3333334
7374,4917949.333333333
7375,51553927.666666664
7376,4603959.333333333
7377,6158333.666666667
7378,77784665.33333333
7379,195316899.66666666
7380,13856204.333333334
7381,56497048.333333336
7382,36776000.0
7383,2167947.3333333335
7384,44295564.333333336
7385,50927661.666666664
7386,37842038.666666664
7387,2891270.6666666665
7388,9163222.666666666
7389,3149418.6666666665
7390,1155447.0
7391,9942612.0
7392,6549603.333333333
7393,550015669.3333334
7394,83000292.0
7395,62367152.0
7396,53718759.333333336
7397,10945708.333333334
7398,30773717.333333332
